id,clee,codigo_act,nombre_act,per_ocu,cod_postal,cve_ent,entidad,cve_mun,municipio,cve_loc,localidad,latitud,longitud,actividad
6184176,30151114119000907010000000U2,114119,"Pesca y captura de peces, crustáceos, moluscos y otras especies",251 y más personas,92560,30,VERACRUZ DE IGNACIO DE LA LLAVE,151,Tamiahua,1,Tamiahua,21.273035,-97.44503,11
6184178,30151114119000887000000000U6,114119,"Pesca y captura de peces, crustáceos, moluscos y otras especies",251 y más personas,92560,30,VERACRUZ DE IGNACIO DE LA LLAVE,151,Tamiahua,1,Tamiahua,21.278759,-97.446045,11
8241997,30105221112000017000041184M1,221111,Generación de electricidad a partir de combustibles fósiles,251 y más personas,94271,30,VERACRUZ DE IGNACIO DE LA LLAVE,105,Medellín,19,Dos Bocas [Termoeléctrica],19.083933,-96.144882,22
4466269,30039221110000071000000000U3,221111,Generación de electricidad a partir de combustibles fósiles,251 y más personas,96400,30,VERACRUZ DE IGNACIO DE LA LLAVE,39,Coatzacoalcos,1,Coatzacoalcos,18.144087,-94.424393,22
6515444,30108222111000047010015724M3,221312,"Captación, tratamiento y suministro de agua realizados por el sector público",251 y más personas,96760,30,VERACRUZ DE IGNACIO DE LA LLAVE,108,Minatitlán,1,Minatitlán,17.992996,-94.577728,22
6934970,30123221122000017000004691S3,221123,Comercialización de energía eléctrica,251 y más personas,93990,30,VERACRUZ DE IGNACIO DE LA LLAVE,123,Pánuco,1,Pánuco,22.055767,-98.176743,22
9014743,30087221312000117000041328M5,221312,"Captación, tratamiento y suministro de agua realizados por el sector público",251 y más personas,91140,30,VERACRUZ DE IGNACIO DE LA LLAVE,87,Xalapa,1,Xalapa-Enríquez,19.546816,-96.916405,22
6515395,30039222111000047010015718M0,221312,"Captación, tratamiento y suministro de agua realizados por el sector público",251 y más personas,96400,30,VERACRUZ DE IGNACIO DE LA LLAVE,39,Coatzacoalcos,1,Coatzacoalcos,18.148779,-94.42585,22
6515398,30044222111000037010015719M1,221312,"Captación, tratamiento y suministro de agua realizados por el sector público",251 y más personas,94570,30,VERACRUZ DE IGNACIO DE LA LLAVE,44,Córdoba,1,Córdoba,18.890535,-96.946823,22
4314554,30193222111000117000000000U6,221312,"Captación, tratamiento y suministro de agua realizados por el sector público",251 y más personas,91910,30,VERACRUZ DE IGNACIO DE LA LLAVE,193,Veracruz,1,Veracruz,19.174063,-96.123405,22
6515326,30193222111000137010015738M4,221311,"Captación, tratamiento y suministro de agua realizados por el sector privado",251 y más personas,91918,30,VERACRUZ DE IGNACIO DE LA LLAVE,193,Veracruz,1,Veracruz,19.173277,-96.124405,22
9249219,30009221119000013000000000U9,221119,Generación de electricidad a partir de otro tipo de energía,251 y más personas,91476,30,VERACRUZ DE IGNACIO DE LA LLAVE,9,Alto Lucero de Gutiérrez Barrios,173,El Arroyito,19.721746,-96.419945,22
8241997,30105221112000017000041184M1,221111,Generación de electricidad a partir de combustibles fósiles,251 y más personas,94271,30,VERACRUZ DE IGNACIO DE LA LLAVE,105,Medellín,19,Dos Bocas [Termoeléctrica],19.083933,-96.144882,22
4466269,30039221110000071000000000U3,221111,Generación de electricidad a partir de combustibles fósiles,251 y más personas,96400,30,VERACRUZ DE IGNACIO DE LA LLAVE,39,Coatzacoalcos,1,Coatzacoalcos,18.144087,-94.424393,22
6515444,30108222111000047010015724M3,221312,"Captación, tratamiento y suministro de agua realizados por el sector público",251 y más personas,96760,30,VERACRUZ DE IGNACIO DE LA LLAVE,108,Minatitlán,1,Minatitlán,17.992996,-94.577728,22
6934970,30123221122000017000004691S3,221123,Comercialización de energía eléctrica,251 y más personas,93990,30,VERACRUZ DE IGNACIO DE LA LLAVE,123,Pánuco,1,Pánuco,22.055767,-98.176743,22
9014743,30087221312000117000041328M5,221312,"Captación, tratamiento y suministro de agua realizados por el sector público",251 y más personas,91140,30,VERACRUZ DE IGNACIO DE LA LLAVE,87,Xalapa,1,Xalapa-Enríquez,19.546816,-96.916405,22
6515395,30039222111000047010015718M0,221312,"Captación, tratamiento y suministro de agua realizados por el sector público",251 y más personas,96400,30,VERACRUZ DE IGNACIO DE LA LLAVE,39,Coatzacoalcos,1,Coatzacoalcos,18.148779,-94.42585,22
6515398,30044222111000037010015719M1,221312,"Captación, tratamiento y suministro de agua realizados por el sector público",251 y más personas,94570,30,VERACRUZ DE IGNACIO DE LA LLAVE,44,Córdoba,1,Córdoba,18.890535,-96.946823,22
4314554,30193222111000117000000000U6,221312,"Captación, tratamiento y suministro de agua realizados por el sector público",251 y más personas,91910,30,VERACRUZ DE IGNACIO DE LA LLAVE,193,Veracruz,1,Veracruz,19.174063,-96.123405,22
6515326,30193222111000137010015738M4,221311,"Captación, tratamiento y suministro de agua realizados por el sector privado",251 y más personas,91918,30,VERACRUZ DE IGNACIO DE LA LLAVE,193,Veracruz,1,Veracruz,19.173277,-96.124405,22
9249219,30009221119000013000000000U9,221119,Generación de electricidad a partir de otro tipo de energía,251 y más personas,91476,30,VERACRUZ DE IGNACIO DE LA LLAVE,9,Alto Lucero de Gutiérrez Barrios,173,El Arroyito,19.721746,-96.419945,22
6151633,30193236221000174001000000U8,236221,"Edificación de inmuebles comerciales y de servicios, excepto la supervisión",251 y más personas,91910,30,VERACRUZ DE IGNACIO DE LA LLAVE,193,Veracruz,1,Veracruz,19.18894,-96.124641,23
9317940,30087237111000181000000000U8,237111,"Construcción de obras para el tratamiento, distribución y suministro de agua y drenaje",251 y más personas,91180,30,VERACRUZ DE IGNACIO DE LA LLAVE,87,Xalapa,1,Xalapa-Enríquez,19.534616,-96.908134,23
6793793,30048237121000015000000000U0,237121,Construcción de sistemas de distribución de petróleo y gas,251 y más personas,96340,30,VERACRUZ DE IGNACIO DE LA LLAVE,48,Cosoleacaque,73,Minatitlán,17.995888,-94.588326,23
6148557,30028237312000077010000000U7,237212,Construcción de obras de urbanización,251 y más personas,94298,30,VERACRUZ DE IGNACIO DE LA LLAVE,28,Boca del Río,37,Veracruz,19.146009,-96.10569,23
4466386,30039611111000592010000000U4,236211,"Edificación de naves y plantas industriales, excepto la supervisión",251 y más personas,96400,30,VERACRUZ DE IGNACIO DE LA LLAVE,39,Coatzacoalcos,1,Coatzacoalcos,18.149914,-94.417709,23
6515818,30087236111000457000017960M4,236111,Edificación de vivienda unifamiliar,251 y más personas,91194,30,VERACRUZ DE IGNACIO DE LA LLAVE,87,Xalapa,1,Xalapa-Enríquez,19.515026,-96.85984,23
6462469,30118236211000051001000000U6,236211,"Edificación de naves y plantas industriales, excepto la supervisión",251 y más personas,94300,30,VERACRUZ DE IGNACIO DE LA LLAVE,118,Orizaba,1,Orizaba,18.84358,-97.109077,23
6515909,30131237121000037000000000U8,237312,"Construcción de carreteras, puentes y similares",251 y más personas,93230,30,VERACRUZ DE IGNACIO DE LA LLAVE,131,Poza Rica de Hidalgo,1,Poza Rica de Hidalgo,20.540133,-97.442886,23
6515906,30039236111000356010000000U9,236112,Edificación de vivienda multifamiliar,251 y más personas,96518,30,VERACRUZ DE IGNACIO DE LA LLAVE,39,Coatzacoalcos,1,Coatzacoalcos,18.147938,-94.459648,23
9276377,30087238210000231000000000U9,238210,Instalaciones eléctricas en construcciones,251 y más personas,91190,30,VERACRUZ DE IGNACIO DE LA LLAVE,87,Xalapa,1,Xalapa-Enríquez,19.526999,-96.894402,23
6884084,30085236211000032011000000U7,236211,"Edificación de naves y plantas industriales, excepto la supervisión",251 y más personas,94450,30,VERACRUZ DE IGNACIO DE LA LLAVE,85,Ixtaczoquitlán,1,Ixtaczoquitlán,18.852169,-97.055229,23
6151720,30087236221000477000048887M9,236221,"Edificación de inmuebles comerciales y de servicios, excepto la supervisión",251 y más personas,91096,30,VERACRUZ DE IGNACIO DE LA LLAVE,87,Xalapa,1,Xalapa-Enríquez,19.515759,-96.87764,23
6877540,30128236221000027001000000U4,236221,"Edificación de inmuebles comerciales y de servicios, excepto la supervisión",251 y más personas,91277,30,VERACRUZ DE IGNACIO DE LA LLAVE,128,Perote,1,Perote,19.562862,-97.248459,23
6151691,30039237212000031011000000U3,237312,"Construcción de carreteras, puentes y similares",251 y más personas,96496,30,VERACRUZ DE IGNACIO DE LA LLAVE,87,Xalapa,1,Xalapa-Enríquez,19.516567,-96.927277,23
6151899,30189237131000057000000000U3,238290,Otras instalaciones y equipamiento en construcciones,251 y más personas,92888,30,VERACRUZ DE IGNACIO DE LA LLAVE,189,Tuxpan,1,Túxpam de Rodríguez Cano,20.961332,-97.336838,23
6881392,30193237999000422011000000U1,236221,"Edificación de inmuebles comerciales y de servicios, excepto la supervisión",251 y más personas,91900,30,VERACRUZ DE IGNACIO DE LA LLAVE,193,Veracruz,1,Veracruz,19.191246,-96.130386,23
6782360,30039236111000504011000000U4,237121,Construcción de sistemas de distribución de petróleo y gas,251 y más personas,96470,30,VERACRUZ DE IGNACIO DE LA LLAVE,39,Coatzacoalcos,1,Coatzacoalcos,18.12587,-94.428444,23
9299545,30189237312000107000000000U2,237312,"Construcción de carreteras, puentes y similares",251 y más personas,92890,30,VERACRUZ DE IGNACIO DE LA LLAVE,189,Tuxpan,1,Túxpam de Rodríguez Cano,20.948252,-97.420654,23
6410967,30038312111000016000003816S8,312111,Elaboración de refrescos y otras bebidas no alcohólicas,251 y más personas,94300,30,VERACRUZ DE IGNACIO DE LA LLAVE,38,Coatepec,1,Coatepec,19.451586,-96.943192,31-33
6238731,30193311811000016001002859S7,311811,Panificación industrial,251 y más personas,91960,30,VERACRUZ DE IGNACIO DE LA LLAVE,193,Veracruz,1,Veracruz,19.140076,-96.147018,31-33
6742919,30193311350000036000000000U4,311350,Elaboración de chocolate y productos de chocolate,251 y más personas,91697,30,VERACRUZ DE IGNACIO DE LA LLAVE,193,Veracruz,87,Valente Díaz,19.16654,-96.234062,31-33
6407156,30118311211000016000045272M7,311211,Beneficio del arroz,251 y más personas,94393,30,VERACRUZ DE IGNACIO DE LA LLAVE,118,Orizaba,1,Orizaba,18.846205,-97.08889,31-33
9249770,30087311311000017000040297S0,311311,Elaboración de azúcar de caña,251 y más personas,94910,30,VERACRUZ DE IGNACIO DE LA LLAVE,87,Xalapa,1,Xalapa-Enríquez,19.526518,-96.897263,31-33
6409239,30044311923000027001012378M2,311923,Elaboración de café instantáneo,251 y más personas,94690,30,VERACRUZ DE IGNACIO DE LA LLAVE,44,Córdoba,1,Córdoba,18.876022,-96.919373,31-33
6857680,30044311923000037000000000U1,311923,Elaboración de café instantáneo,251 y más personas,94690,30,VERACRUZ DE IGNACIO DE LA LLAVE,44,Córdoba,1,Córdoba,18.881519,-96.922043,31-33
9250075,30118311923000015000017461M9,311922,Elaboración de café tostado y molido,251 y más personas,94450,30,VERACRUZ DE IGNACIO DE LA LLAVE,118,Orizaba,1,Orizaba,18.864681,-97.075798,31-33
6412494,30021311311000027000018243S8,311311,Elaboración de azúcar de caña,251 y más personas,94965,30,VERACRUZ DE IGNACIO DE LA LLAVE,21,Atoyac,17,General Miguel Alemán (Potrero Nuevo),18.895704,-96.792084,31-33
6406846,30052311311000017000000000U4,311311,Elaboración de azúcar de caña,251 y más personas,94920,30,VERACRUZ DE IGNACIO DE LA LLAVE,52,Cuichapa,8,Providencia,18.750595,-96.77034,31-33
6407085,30174311311000017000003655S6,311311,Elaboración de azúcar de caña,251 y más personas,95090,30,VERACRUZ DE IGNACIO DE LA LLAVE,173,Tezonapa,25,Motzorongo,18.640593,-96.728134,31-33
6376249,30125311311000017000022223M8,311311,Elaboración de azúcar de caña,251 y más personas,94970,30,VERACRUZ DE IGNACIO DE LA LLAVE,125,Paso del Macho,105,Mata del Gallo,18.954124,-96.718857,31-33
6856729,30044311311000036001000000U1,311311,Elaboración de azúcar de caña,251 y más personas,94480,30,VERACRUZ DE IGNACIO DE LA LLAVE,44,Córdoba,1,Córdoba,18.86408,-96.918518,31-33
6376250,30102311930000027000020814M3,311930,"Elaboración de concentrados, polvos, jarabes y esencias de sabor para bebidas",251 y más personas,93600,30,VERACRUZ DE IGNACIO DE LA LLAVE,102,Martínez de la Torre,1,Martínez de la Torre,20.076704,-97.066483,31-33
6407026,30160311930000011001008410S5,311930,"Elaboración de concentrados, polvos, jarabes y esencias de sabor para bebidas",251 y más personas,92730,30,VERACRUZ DE IGNACIO DE LA LLAVE,160,Álamo Temapache,52,Estero del Ídolo,20.887035,-97.659325,31-33
6406859,30211311930000011002008410S6,311930,"Elaboración de concentrados, polvos, jarabes y esencias de sabor para bebidas",251 y más personas,93635,30,VERACRUZ DE IGNACIO DE LA LLAVE,211,San Rafael,37,El Recuerdo del Cid,20.151405,-96.940376,31-33
6409240,30085313113000017001004111S2,313113,Fabricación de hilos para coser y bordar,251 y más personas,94390,30,VERACRUZ DE IGNACIO DE LA LLAVE,85,Ixtaczoquitlán,52,Rincón Grande,18.842539,-97.075455,31-33
6863240,30193311612000027000000000U6,311612,"Corte y empacado de carne de ganado, aves y otros animales comestibles",251 y más personas,91693,30,VERACRUZ DE IGNACIO DE LA LLAVE,193,Veracruz,145,El Gringo,19.21776,-96.310638,31-33
6279966,30073311311000027000000000U9,311311,Elaboración de azúcar de caña,251 y más personas,95850,30,VERACRUZ DE IGNACIO DE LA LLAVE,73,Hueyapan de Ocampo,22,Juan Díaz Covarrubias,18.161194,-95.18708,31-33
6716611,30010315222000231001000000U4,315222,Confección en serie de camisas,251 y más personas,93700,30,VERACRUZ DE IGNACIO DE LA LLAVE,10,Altotonga,1,Altotonga,19.757118,-97.243584,31-33
6279996,30193311422000037000000000U9,311422,Conservación de frutas y verduras por procesos distintos a la congelación y la deshidratación,251 y más personas,91697,30,VERACRUZ DE IGNACIO DE LA LLAVE,193,Veracruz,87,Valente Díaz,19.167225,-96.240028,31-33
6410800,30193311921000025001012616M5,311921,Beneficio del café,251 y más personas,91697,30,VERACRUZ DE IGNACIO DE LA LLAVE,193,Veracruz,87,Valente Díaz,19.15847,-96.242874,31-33
6412510,30193311820000027000000000U5,311820,Elaboración de galletas y pastas para sopa,251 y más personas,91710,30,VERACRUZ DE IGNACIO DE LA LLAVE,193,Veracruz,1,Veracruz,19.196119,-96.158142,31-33
6279054,30132311940000016001007519S2,311940,Elaboración de condimentos y aderezos,251 y más personas,91330,30,VERACRUZ DE IGNACIO DE LA LLAVE,132,Las Vigas de Ramírez,16,Tepetates,19.632019,-97.123962,31-33
6412395,30174311611000077000000000U3,311611,"Matanza de ganado, aves y otros animales comestibles",251 y más personas,91500,30,VERACRUZ DE IGNACIO DE LA LLAVE,174,Tierra Blanca,542,Paso Nuevo (Puente Estanzuela),18.547113,-96.386391,31-33
6406722,30087315229000457010000000U8,314120,"Confección de cortinas, blancos y similares",251 y más personas,91180,30,VERACRUZ DE IGNACIO DE LA LLAVE,87,Xalapa,1,Xalapa-Enríquez,19.540611,-96.90773,31-33
6280048,30059311213000016000012743M9,311213,Elaboración de harina de maíz,251 y más personas,95980,30,VERACRUZ DE IGNACIO DE LA LLAVE,59,Chinameca,1,Chinameca,18.010199,-94.691437,31-33
6238472,30118312120000017001040233S7,312120,Elaboración de cerveza,251 y más personas,94300,30,VERACRUZ DE IGNACIO DE LA LLAVE,118,Orizaba,1,Orizaba,18.841686,-97.110008,31-33
6279877,30208311311000057000012751M8,311311,Elaboración de azúcar de caña,251 y más personas,95300,30,VERACRUZ DE IGNACIO DE LA LLAVE,208,Carlos A. Carrillo,1,Carlos A. Carrillo,18.371019,-95.742737,31-33
6407101,30044311222000027000012249M9,311222,Elaboración de aceites y grasas vegetales comestibles,251 y más personas,94690,30,VERACRUZ DE IGNACIO DE LA LLAVE,44,Córdoba,1,Córdoba,18.873852,-96.916206,31-33
6407162,30016311311000017000012517M9,311311,Elaboración de azúcar de caña,251 y más personas,91685,30,VERACRUZ DE IGNACIO DE LA LLAVE,16,La Antigua,1,José Cardel,19.377869,-96.372322,31-33
6277834,30173311311000017000018026M8,311311,Elaboración de azúcar de caña,251 y más personas,95096,30,VERACRUZ DE IGNACIO DE LA LLAVE,173,Tezonapa,1,Tezonapa,18.604156,-96.686798,31-33
6251338,30053311311000017000000000U2,311311,Elaboración de azúcar de caña,251 y más personas,94910,30,VERACRUZ DE IGNACIO DE LA LLAVE,53,Cuitláhuac,53,San José de Abajo,18.77441,-96.777382,31-33
6277805,30085311311000027000020816M3,311311,Elaboración de azúcar de caña,251 y más personas,94454,30,VERACRUZ DE IGNACIO DE LA LLAVE,85,Ixtaczoquitlán,10,Cuautlapan,18.873638,-97.024117,31-33
6376253,30205311311000017000000000U8,311311,Elaboración de azúcar de caña,251 y más personas,92401,30,VERACRUZ DE IGNACIO DE LA LLAVE,205,El Higo,1,El Higo,21.773258,-98.455666,31-33
6407284,30191311311000017000022794M0,311311,Elaboración de azúcar de caña,251 y más personas,91663,30,VERACRUZ DE IGNACIO DE LA LLAVE,191,Ursulo Galván,7,La Gloria,19.428984,-96.39959,31-33
6407283,30038311311000027000012632M2,311311,Elaboración de azúcar de caña,251 y más personas,91608,30,VERACRUZ DE IGNACIO DE LA LLAVE,38,Coatepec,12,Mahuixtlán,19.408901,-96.91745,31-33
6406901,30123311311000011000048374M6,311311,Elaboración de azúcar de caña,251 y más personas,92000,30,VERACRUZ DE IGNACIO DE LA LLAVE,123,Pánuco,1,Pánuco,22.022707,-98.182571,31-33
6376254,30052311311000027000012557M3,311311,Elaboración de azúcar de caña,251 y más personas,94920,30,VERACRUZ DE IGNACIO DE LA LLAVE,52,Cuichapa,4,Cobos García (San Nicolás),18.789135,-96.897728,31-33
6412162,30097311311000027000026401S8,311311,Elaboración de azúcar de caña,251 y más personas,95281,30,VERACRUZ DE IGNACIO DE LA LLAVE,97,Lerdo de Tejada,1,Lerdo de Tejada,18.610376,-95.525818,31-33
6412661,30207311311000017000000000U4,311311,Elaboración de azúcar de caña,251 y más personas,95300,30,VERACRUZ DE IGNACIO DE LA LLAVE,207,Tres Valles,265,Colonia Adolfo Ruiz Cortines (Colonia Obrera),18.257109,-96.165695,31-33
6407241,30160311422000047000003865S7,311422,Conservación de frutas y verduras por procesos distintos a la congelación y la deshidratación,251 y más personas,92730,30,VERACRUZ DE IGNACIO DE LA LLAVE,160,Álamo Temapache,4,Agua Nacida,20.908655,-97.702995,31-33
6409238,30193311511000017001004530S1,311511,Elaboración de leche líquida,251 y más personas,91697,30,VERACRUZ DE IGNACIO DE LA LLAVE,193,Veracruz,87,Valente Díaz,19.17049,-96.230751,31-33
6407219,30086315229000021001012275S4,315229,Confección en serie de otra ropa exterior de materiales textiles,251 y más personas,93660,30,VERACRUZ DE IGNACIO DE LA LLAVE,86,Jalacingo,1,Jalacingo,19.800756,-97.306618,31-33
6271438,30193311213000026001012467M5,311213,Elaboración de harina de maíz,251 y más personas,91697,30,VERACRUZ DE IGNACIO DE LA LLAVE,193,Veracruz,87,Valente Díaz,19.179831,-96.250648,31-33
6230371,30038311512000011000017150S9,311512,"Elaboración de leche en polvo, condensada y evaporada",251 y más personas,91520,30,VERACRUZ DE IGNACIO DE LA LLAVE,38,Coatepec,1,Coatepec,19.460108,-96.942253,31-33
6376256,30085311910000014000002570S0,311910,Elaboración de botanas,251 y más personas,94450,30,VERACRUZ DE IGNACIO DE LA LLAVE,85,Ixtaczoquitlán,1,Ixtaczoquitlán,18.865936,-97.058853,31-33
6412161,30039311940000011000000000U0,311940,Elaboración de condimentos y aderezos,251 y más personas,96400,30,VERACRUZ DE IGNACIO DE LA LLAVE,39,Coatzacoalcos,21,Allende,18.107584,-94.392624,31-33
9333827,30038312111000026000000000U7,312111,Elaboración de refrescos y otras bebidas no alcohólicas,251 y más personas,,30,VERACRUZ DE IGNACIO DE LA LLAVE,38,Coatepec,1,Coatepec,19.452036,-96.943764,31-33
6407277,30118326220000017000000000U9,326220,Fabricación de bandas y mangueras de hule y de plástico,251 y más personas,94363,30,VERACRUZ DE IGNACIO DE LA LLAVE,118,Orizaba,1,Orizaba,18.845989,-97.093628,31-33
6509566,30118325412000036001002587S3,325412,Fabricación de preparaciones farmacéuticas,251 y más personas,94450,30,VERACRUZ DE IGNACIO DE LA LLAVE,118,Orizaba,1,Orizaba,18.864264,-97.076012,31-33
6879022,30207322122000024001006910S8,322122,Fabricación de papel a partir de pulpa,251 y más personas,95300,30,VERACRUZ DE IGNACIO DE LA LLAVE,207,Tres Valles,265,Colonia Adolfo Ruiz Cortines (Colonia Obrera),18.24921,-96.157211,31-33
6230403,30085322122000027000006910S1,322122,Fabricación de papel a partir de pulpa,251 y más personas,94452,30,VERACRUZ DE IGNACIO DE LA LLAVE,85,Ixtaczoquitlán,1,Ixtaczoquitlán,18.863863,-97.063301,31-33
6872045,30206325993000011001021079S8,325993,Fabricación de resinas de plásticos reciclados,251 y más personas,96360,30,VERACRUZ DE IGNACIO DE LA LLAVE,206,Nanchital de Lázaro Cárdenas del Río,41,Las Cerezas,18.062002,-94.372185,31-33
6508433,30108325110000027000003129S3,325110,Fabricación de petroquímicos básicos del gas natural y del petróleo refinado,251 y más personas,,30,VERACRUZ DE IGNACIO DE LA LLAVE,108,Minatitlán,1,Minatitlán,17.998617,-94.561501,31-33
6508434,30039325110000117000003129S9,325110,Fabricación de petroquímicos básicos del gas natural y del petróleo refinado,251 y más personas,96384,30,VERACRUZ DE IGNACIO DE LA LLAVE,39,Coatzacoalcos,21,Allende,18.143185,-94.375435,31-33
6508435,30039325110000097000003129S3,325110,Fabricación de petroquímicos básicos del gas natural y del petróleo refinado,251 y más personas,,30,VERACRUZ DE IGNACIO DE LA LLAVE,39,Coatzacoalcos,21,Allende,18.113577,-94.389526,31-33
6412618,30039325190000047000000000U0,325190,Fabricación de otros productos químicos básicos orgánicos,251 y más personas,96400,30,VERACRUZ DE IGNACIO DE LA LLAVE,39,Coatzacoalcos,43,Mundo Nuevo,18.089859,-94.365509,31-33
4337027,30039325110000077000003129S5,325110,Fabricación de petroquímicos básicos del gas natural y del petróleo refinado,251 y más personas,96384,30,VERACRUZ DE IGNACIO DE LA LLAVE,39,Coatzacoalcos,43,Mundo Nuevo,18.08963,-94.36338,31-33
6461212,30131325110000037000003129S4,325110,Fabricación de petroquímicos básicos del gas natural y del petróleo refinado,251 y más personas,,30,VERACRUZ DE IGNACIO DE LA LLAVE,131,Poza Rica de Hidalgo,1,Poza Rica de Hidalgo,20.510635,-97.469978,31-33
6515148,30039325110000087000003129S4,325110,Fabricación de petroquímicos básicos del gas natural y del petróleo refinado,251 y más personas,96384,30,VERACRUZ DE IGNACIO DE LA LLAVE,39,Coatzacoalcos,21,Allende,18.111139,-94.393143,31-33
6515151,30131325110000057000003129S2,325110,Fabricación de petroquímicos básicos del gas natural y del petróleo refinado,251 y más personas,93350,30,VERACRUZ DE IGNACIO DE LA LLAVE,131,Poza Rica de Hidalgo,1,Poza Rica de Hidalgo,20.510635,-97.469978,31-33
6410011,30174327213000017000000000U6,327213,Fabricación de envases y ampolletas de vidrio,251 y más personas,95180,30,VERACRUZ DE IGNACIO DE LA LLAVE,174,Tierra Blanca,123,La Victoria (San Joaquín),18.456453,-96.329254,31-33
6412626,30039325310000027000000000U6,325310,Fabricación de fertilizantes,251 y más personas,96400,30,VERACRUZ DE IGNACIO DE LA LLAVE,39,Coatzacoalcos,21,Allende,18.116461,-94.394585,31-33
6407163,30085322122000017000002983S2,322122,Fabricación de papel a partir de pulpa,251 y más personas,94452,30,VERACRUZ DE IGNACIO DE LA LLAVE,85,Ixtaczoquitlán,1,Ixtaczoquitlán,18.86035,-97.066147,31-33
9317099,30108325310000031000042805S6,325310,Fabricación de fertilizantes,251 y más personas,96340,30,VERACRUZ DE IGNACIO DE LA LLAVE,108,Minatitlán,1,Minatitlán,17.999266,-94.568817,31-33
6407167,30118325411000017000000000U5,325411,Fabricación de materias primas para la industria farmacéutica,251 y más personas,94450,30,VERACRUZ DE IGNACIO DE LA LLAVE,118,Orizaba,1,Orizaba,18.863527,-97.076874,31-33
6515150,30108324110000017000003129S5,324110,Refinación de petróleo,251 y más personas,96740,30,VERACRUZ DE IGNACIO DE LA LLAVE,108,Minatitlán,1,Minatitlán,17.985662,-94.534164,31-33
6406779,30014327213000017000012466M4,327213,Fabricación de envases y ampolletas de vidrio,251 y más personas,94946,30,VERACRUZ DE IGNACIO DE LA LLAVE,14,Amatlán de los Reyes,46,La Primavera,18.851667,-96.854538,31-33
6408345,30014314911000015020008216S2,326194,Fabricación de otros productos de plástico de uso industrial sin reforzamiento,251 y más personas,94540,30,VERACRUZ DE IGNACIO DE LA LLAVE,14,Amatlán de los Reyes,15,Paraje Nuevo,18.871969,-96.858147,31-33
6277802,30118327213000017000012322M3,327213,Fabricación de envases y ampolletas de vidrio,251 y más personas,94300,30,VERACRUZ DE IGNACIO DE LA LLAVE,118,Orizaba,1,Orizaba,18.841146,-97.111015,31-33
6376252,30128327410000047000000000U1,327410,Fabricación de cal,251 y más personas,91285,30,VERACRUZ DE IGNACIO DE LA LLAVE,128,Perote,16,San Antonio Tenextepec,19.490082,-97.269241,31-33
6412085,30048325190000027000000000U3,325190,Fabricación de otros productos químicos básicos orgánicos,251 y más personas,96340,30,VERACRUZ DE IGNACIO DE LA LLAVE,48,Cosoleacaque,160,Ejido la Bomba,18.037531,-94.596642,31-33
6481270,30193331520000027000000000U7,331520,Moldeo por fundición de piezas metálicas no ferrosas,251 y más personas,91697,30,VERACRUZ DE IGNACIO DE LA LLAVE,193,Veracruz,87,Valente Díaz,19.160673,-96.23233,31-33
6410010,30068332211000016002000000U9,332211,Fabricación de herramientas de mano metálicas sin motor,251 y más personas,94472,30,VERACRUZ DE IGNACIO DE LA LLAVE,68,Fortín,1,Fortín de las Flores,18.908875,-96.999687,31-33
6277702,30123331112000017000008422S1,331112,Fabricación de desbastes primarios y ferroaleaciones,251 y más personas,92018,30,VERACRUZ DE IGNACIO DE LA LLAVE,123,Pánuco,1328,Autlan [Zona Industrial Minera],22.234732,-98.023636,31-33
6259068,30133336610000037000026604M6,336610,Fabricación de embarcaciones,251 y más personas,92035,30,VERACRUZ DE IGNACIO DE LA LLAVE,133,Pueblo Viejo,148,Las Parcelas                                                                                                  ,22.218424,-97.893845,31-33
6279888,30193333130000027000000000U3,333130,Fabricación de maquinaria y equipo para la industria extractiva,251 y más personas,91697,30,VERACRUZ DE IGNACIO DE LA LLAVE,193,Veracruz,87,Valente Díaz,19.173677,-96.235023,31-33
6778439,30193332310000151002000000U0,332310,Fabricación de estructuras metálicas,251 y más personas,91697,30,VERACRUZ DE IGNACIO DE LA LLAVE,193,Veracruz,87,Valente Díaz,19.184689,-96.256691,31-33
6238478,30085331112000027000000000U1,331112,Fabricación de desbastes primarios y ferroaleaciones,251 y más personas,94450,30,VERACRUZ DE IGNACIO DE LA LLAVE,85,Ixtaczoquitlán,56,El Bejucal,18.863056,-97.044441,31-33
6812644,30193331210000033001012756S3,331210,Fabricación de tubos y postes de hierro y acero,251 y más personas,91697,30,VERACRUZ DE IGNACIO DE LA LLAVE,193,Veracruz,87,Valente Díaz,19.168167,-96.235786,31-33
6230422,30193331111000017001012756M6,331111,Complejos siderúrgicos,251 y más personas,91697,30,VERACRUZ DE IGNACIO DE LA LLAVE,193,Veracruz,87,Valente Díaz,19.17161,-96.230392,31-33
6412507,30193336610000017000000000U2,336610,Fabricación de embarcaciones,251 y más personas,91800,30,VERACRUZ DE IGNACIO DE LA LLAVE,193,Veracruz,1,Veracruz,19.213837,-96.129539,31-33
6407885,30193339999000556001010009S3,339112,Fabricación de material desechable de uso médico,251 y más personas,91697,30,VERACRUZ DE IGNACIO DE LA LLAVE,193,Veracruz,87,Valente Díaz,19.168503,-96.234695,31-33
6271439,30193331210000017000000000U6,331210,Fabricación de tubos y postes de hierro y acero,251 y más personas,91697,30,VERACRUZ DE IGNACIO DE LA LLAVE,193,Veracruz,87,Valente Díaz,19.156414,-96.240738,31-33
9333832,30128434211000467000000000U3,434211,"Comercio al por mayor de cemento, tabique y grava",251 y más personas,,30,VERACRUZ DE IGNACIO DE LA LLAVE,128,Perote,16,San Antonio Tenextepec,19.48913,-97.267982,43
6238681,30026431211000017000003816S5,431211,Comercio al por mayor de bebidas no alcohólicas y hielo,251 y más personas,91300,30,VERACRUZ DE IGNACIO DE LA LLAVE,26,Banderilla,1,Banderilla,19.595575,-96.943512,43
6412082,30108431211000017000003816S1,431211,Comercio al por mayor de bebidas no alcohólicas y hielo,251 y más personas,96711,30,VERACRUZ DE IGNACIO DE LA LLAVE,108,Minatitlán,1,Minatitlán,17.992058,-94.573631,43
6788118,30074431211000025001003816S8,431211,Comercio al por mayor de bebidas no alcohólicas y hielo,251 y más personas,94794,30,VERACRUZ DE IGNACIO DE LA LLAVE,74,Huiloapan de Cuauhtémoc,2,Donato Guerra,18.831604,-97.107605,43
6784548,30131431211000125001003816S4,431211,Comercio al por mayor de bebidas no alcohólicas y hielo,251 y más personas,92450,30,VERACRUZ DE IGNACIO DE LA LLAVE,131,Poza Rica de Hidalgo,1,Poza Rica de Hidalgo,20.514526,-97.465302,43
6407108,30087431213000011002012547M6,431213,Comercio al por mayor de cerveza,251 y más personas,91143,30,VERACRUZ DE IGNACIO DE LA LLAVE,87,Xalapa,1,Xalapa-Enríquez,19.543234,-96.908844,43
6406756,30044431110000011002012291M5,431110,Comercio al por mayor de abarrotes,251 y más personas,94640,30,VERACRUZ DE IGNACIO DE LA LLAVE,44,Córdoba,1,Córdoba,18.878857,-96.925873,43
6280021,30193431213000617000012711M6,431213,Comercio al por mayor de cerveza,251 y más personas,91947,30,VERACRUZ DE IGNACIO DE LA LLAVE,193,Veracruz,1,Veracruz,19.150251,-96.143898,43
6407052,30211434225000015011012422M4,434225,Comercio al por mayor de equipo y material eléctrico,251 y más personas,93620,30,VERACRUZ DE IGNACIO DE LA LLAVE,211,San Rafael,1,San Rafael,20.189037,-96.867058,43
6466126,30087468112000071001020214M7,433110,Comercio al por mayor de productos farmacéuticos,251 y más personas,91198,30,VERACRUZ DE IGNACIO DE LA LLAVE,87,Xalapa,1,Xalapa-Enríquez,19.514418,-96.88179,43
6411342,30193431110000374002001022S2,431170,Comercio al por mayor de embutidos,251 y más personas,91697,30,VERACRUZ DE IGNACIO DE LA LLAVE,193,Veracruz,87,Valente Díaz,19.168667,-96.230476,43
6411206,30193431160000137001004530S8,431160,Comercio al por mayor de leche y otros productos lácteos,251 y más personas,91697,30,VERACRUZ DE IGNACIO DE LA LLAVE,193,Veracruz,87,Valente Díaz,19.154182,-96.238617,43
6862069,30102431130000415001000000U2,431130,Comercio al por mayor de frutas y verduras frescas,251 y más personas,93600,30,VERACRUZ DE IGNACIO DE LA LLAVE,102,Martínez de la Torre,1,Martínez de la Torre,20.069193,-97.072105,43
6881803,30118431213000101001012455M8,431213,Comercio al por mayor de cerveza,251 y más personas,94300,30,VERACRUZ DE IGNACIO DE LA LLAVE,118,Orizaba,1,Orizaba,18.847826,-97.093712,43
6412593,30193433110000156001004438S1,433110,Comercio al por mayor de productos farmacéuticos,251 y más personas,91960,30,VERACRUZ DE IGNACIO DE LA LLAVE,193,Veracruz,1,Veracruz,19.141247,-96.146263,43
8360099,30048434222000037000021109S1,434222,Comercio al por mayor de productos químicos para la industria farmacéutica y para otro uso industrial,251 y más personas,96340,30,VERACRUZ DE IGNACIO DE LA LLAVE,48,Cosoleacaque,160,Ejido la Bomba,18.037745,-94.59697,43
6741440,30065431150000027000000000U2,431150,"Comercio al por mayor de semillas y granos alimenticios, especias y chiles secos",251 y más personas,91636,30,VERACRUZ DE IGNACIO DE LA LLAVE,65,Emiliano Zapata,9,Corral Falso,19.460243,-96.754814,43
6238671,30028431211000023001003816S9,431211,Comercio al por mayor de bebidas no alcohólicas y hielo,251 y más personas,91700,30,VERACRUZ DE IGNACIO DE LA LLAVE,28,Boca del Río,37,Veracruz,19.143404,-96.136292,43
6407186,30175431192000015001007670S6,431192,Comercio al por mayor de botanas y frituras,251 y más personas,92903,30,VERACRUZ DE IGNACIO DE LA LLAVE,175,Tihuatlán,65,San Miguel Mecatepec (Manantial),20.53063,-97.488503,43
6230425,30193431170000021000040202S3,431170,Comercio al por mayor de embutidos,251 y más personas,94967,30,VERACRUZ DE IGNACIO DE LA LLAVE,193,Veracruz,87,Valente Díaz,19.165161,-96.228836,43
6792509,30193431170000097000026980S3,431170,Comercio al por mayor de embutidos,251 y más personas,,30,VERACRUZ DE IGNACIO DE LA LLAVE,193,Veracruz,87,Valente Díaz,19.170065,-96.232216,43
6784902,30193431170000085000026980S8,431170,Comercio al por mayor de embutidos,251 y más personas,,30,VERACRUZ DE IGNACIO DE LA LLAVE,193,Veracruz,87,Valente Díaz,19.165239,-96.228806,43
6735300,30077434111000431001000000U0,434111,"Comercio al por mayor de fertilizantes, plaguicidas y semillas para siembra",251 y más personas,93600,30,VERACRUZ DE IGNACIO DE LA LLAVE,77,Isla,1,Isla,18.031387,-95.532715,43
6407053,30211431110000025001012423M0,431110,Comercio al por mayor de abarrotes,251 y más personas,93620,30,VERACRUZ DE IGNACIO DE LA LLAVE,211,San Rafael,1,San Rafael,20.185633,-96.876358,43
8865018,30193461190002117000002859S8,461190,Comercio al por menor de otros alimentos,251 y más personas,91697,30,VERACRUZ DE IGNACIO DE LA LLAVE,193,Veracruz,87,Valente Díaz,19.164925,-96.226021,46_1
6277775,30131462112000587000012259M7,462112,Comercio al por menor en minisupers,251 y más personas,93210,30,VERACRUZ DE IGNACIO DE LA LLAVE,131,Poza Rica de Hidalgo,1,Poza Rica de Hidalgo,20.568239,-97.434364,46_1
6410416,30048462210000026001006977S4,462210,Comercio al por menor en tiendas departamentales,251 y más personas,96343,30,VERACRUZ DE IGNACIO DE LA LLAVE,48,Cosoleacaque,97,San José,18.11121,-94.567406,46_1
6407655,30193462210000256002010705S1,462210,Comercio al por menor en tiendas departamentales,251 y más personas,91697,30,VERACRUZ DE IGNACIO DE LA LLAVE,193,Veracruz,87,Valente Díaz,19.166327,-96.225418,46_1
6409083,30014462210000013001006977S4,462210,Comercio al por menor en tiendas departamentales,251 y más personas,94940,30,VERACRUZ DE IGNACIO DE LA LLAVE,14,Amatlán de los Reyes,15,Paraje Nuevo,18.87252,-96.860703,46_1
6410415,30065462210000015001006977S1,462210,Comercio al por menor en tiendas departamentales,251 y más personas,91634,30,VERACRUZ DE IGNACIO DE LA LLAVE,65,Emiliano Zapata,240,Loma Bonita,19.49922,-96.83329,46_1
6409084,30124462210000013001006977S1,462210,Comercio al por menor en tiendas departamentales,251 y más personas,93523,30,VERACRUZ DE IGNACIO DE LA LLAVE,124,Papantla,446,Colonia las Arboledas,20.590231,-97.423538,46_1
6409074,30193462210000244001006977S7,462210,Comercio al por menor en tiendas departamentales,251 y más personas,91697,30,VERACRUZ DE IGNACIO DE LA LLAVE,193,Veracruz,87,Valente Díaz,19.166056,-96.2285,46_1
6412434,30039431110000127012012808M9,462112,Comercio al por menor en minisupers,251 y más personas,96535,30,VERACRUZ DE IGNACIO DE LA LLAVE,39,Coatzacoalcos,166,Colonia Veracruz,18.14365,-94.534576,46_1
6409928,30039462210000156001002776S8,462210,Comercio al por menor en tiendas departamentales,251 y más personas,96536,30,VERACRUZ DE IGNACIO DE LA LLAVE,39,Coatzacoalcos,1,Coatzacoalcos,18.139473,-94.487274,46_1
6711810,30193462210000316001002776S3,462210,Comercio al por menor en tiendas departamentales,251 y más personas,91726,30,VERACRUZ DE IGNACIO DE LA LLAVE,193,Veracruz,241,Nuevo Veracruz,19.17465,-96.186852,46_1
6412415,30028462210000076001002776S1,462210,Comercio al por menor en tiendas departamentales,251 y más personas,94298,30,VERACRUZ DE IGNACIO DE LA LLAVE,28,Boca del Río,37,Veracruz,19.140587,-96.10717,46_1
6409929,30087462210000206001002776S0,462210,Comercio al por menor en tiendas departamentales,251 y más personas,91198,30,VERACRUZ DE IGNACIO DE LA LLAVE,87,Xalapa,1,Xalapa-Enríquez,19.514498,-96.877136,46_1
6406717,30087462112001173001012308M9,462112,Comercio al por menor en minisupers,251 y más personas,91000,30,VERACRUZ DE IGNACIO DE LA LLAVE,87,Xalapa,1,Xalapa-Enríquez,19.530352,-96.916977,46_1
4318989,30193468412000156001012753M9,468412,Comercio al por menor de gas L. P. en cilindros y para tanques estacionarios,251 y más personas,91697,30,VERACRUZ DE IGNACIO DE LA LLAVE,193,Veracruz,87,Valente Díaz,19.161026,-96.230789,46_2
6466504,30028468111000185001000000U4,468111,Comercio al por menor de automóviles y camionetas nuevos,251 y más personas,94297,30,VERACRUZ DE IGNACIO DE LA LLAVE,28,Boca del Río,37,Veracruz,19.140875,-96.114944,46_2
6277749,30155434211000177011038768M1,467111,Comercio al por menor en ferreterías y tlapalerías,251 y más personas,92101,30,VERACRUZ DE IGNACIO DE LA LLAVE,155,Tantoyuca,1,Tantoyuca,21.334183,-98.216339,46_2
6406716,30087468111000205001000000U6,468111,Comercio al por menor de automóviles y camionetas nuevos,251 y más personas,91190,30,VERACRUZ DE IGNACIO DE LA LLAVE,87,Xalapa,1,Xalapa-Enríquez,19.526173,-96.897339,46_2
6871901,30038468412000057000012753S6,468412,Comercio al por menor de gas L. P. en cilindros y para tanques estacionarios,251 y más personas,91610,30,VERACRUZ DE IGNACIO DE LA LLAVE,38,Coatepec,239,Dos de Marzo,19.431128,-96.893036,46_2
6412076,30193468111000206001000000U0,468111,Comercio al por menor de automóviles y camionetas nuevos,251 y más personas,91910,30,VERACRUZ DE IGNACIO DE LA LLAVE,193,Veracruz,1,Veracruz,19.180151,-96.134697,46_2
6279508,30193465311005226000012742M2,465311,Comercio al por menor de artículos de papelería,251 y más personas,91693,30,VERACRUZ DE IGNACIO DE LA LLAVE,28,Boca del Río,37,Veracruz,19.14155,-96.10952,46_3
4408301,30123463310000291001026214S2,463310,Comercio al por menor de calzado,251 y más personas,93990,30,VERACRUZ DE IGNACIO DE LA LLAVE,123,Pánuco,1,Pánuco,22.056211,-98.180916,46_3
6463251,30193463310002581001000000S7,463310,Comercio al por menor de calzado,251 y más personas,91700,30,VERACRUZ DE IGNACIO DE LA LLAVE,193,Veracruz,1,Veracruz,19.188395,-96.133057,46_3
6846593,30049463211000131000003372S7,463211,"Comercio al por menor de ropa, excepto de bebé y lencería",251 y más personas,,30,VERACRUZ DE IGNACIO DE LA LLAVE,49,Cotaxtla,15,Buenavista,18.777014,-96.429565,46_3
8827542,30028484239000027000040839M7,484239,Otro autotransporte foráneo de carga especializado,251 y más personas,91966,30,VERACRUZ DE IGNACIO DE LA LLAVE,28,Boca del Río,1,Boca del Río,19.111986,-96.112076,48-49
6412068,30193488320000067010000000U9,488519,Otros servicios de intermediación para el transporte de carga,251 y más personas,91700,30,VERACRUZ DE IGNACIO DE LA LLAVE,193,Veracruz,1,Veracruz,19.202265,-96.140373,48-49
6407958,30193488320000046000000000U3,488320,Servicios de carga y descarga para el transporte por agua,251 y más personas,91700,30,VERACRUZ DE IGNACIO DE LA LLAVE,193,Veracruz,1,Veracruz,19.212595,-96.146004,48-49
6508711,30115486210000016000003128S4,486210,Transporte de gas natural por ductos,251 y más personas,94724,30,VERACRUZ DE IGNACIO DE LA LLAVE,115,Nogales,6,Agrícola Lázaro Cárdenas,18.814983,-97.193825,48-49
6508712,30108486210000026000003128S8,486210,Transporte de gas natural por ductos,251 y más personas,96710,30,VERACRUZ DE IGNACIO DE LA LLAVE,108,Minatitlán,1,Minatitlán,18.008169,-94.578026,48-49
6508714,30105486210000016000003128S5,486210,Transporte de gas natural por ductos,251 y más personas,94277,30,VERACRUZ DE IGNACIO DE LA LLAVE,105,Medellín,188,La Casa Amarilla,19.001564,-96.101204,48-49
4374259,30174482110000034001013979S0,482110,Transporte por ferrocarril,251 y más personas,95100,30,VERACRUZ DE IGNACIO DE LA LLAVE,174,Tierra Blanca,1,Tierra Blanca,18.447657,-96.361511,48-49
9298301,30118482110000017000013979S2,482110,Transporte por ferrocarril,251 y más personas,94300,30,VERACRUZ DE IGNACIO DE LA LLAVE,118,Orizaba,1,Orizaba,18.840424,-97.107101,48-49
6163608,30193484129000201001000000U3,484129,Otro autotransporte foráneo de carga general,251 y más personas,91700,30,VERACRUZ DE IGNACIO DE LA LLAVE,193,Veracruz,1,Veracruz,19.202179,-96.140305,48-49
6163647,30085484231000026001000000U6,484231,Autotransporte foráneo de materiales para la construcción,251 y más personas,94450,30,VERACRUZ DE IGNACIO DE LA LLAVE,85,Ixtaczoquitlán,1,Ixtaczoquitlán,18.870829,-97.051384,48-49
6509763,30193483113000021000003128S0,483113,Transporte marítimo de petróleo y gas natural,251 y más personas,91709,30,VERACRUZ DE IGNACIO DE LA LLAVE,193,Veracruz,1,Veracruz,19.202755,-96.132889,48-49
6463037,30193488320000111001016674S5,488320,Servicios de carga y descarga para el transporte por agua,251 y más personas,91800,30,VERACRUZ DE IGNACIO DE LA LLAVE,193,Veracruz,1,Veracruz,19.214806,-96.131836,48-49
6163540,30087485111000467000015811M1,485111,Transporte colectivo urbano y suburbano de pasajeros en autobuses de ruta fija,251 y más personas,91040,30,VERACRUZ DE IGNACIO DE LA LLAVE,87,Xalapa,1,Xalapa-Enríquez,19.529568,-96.9105,48-49
6163541,30087485111000477000015812M0,485111,Transporte colectivo urbano y suburbano de pasajeros en autobuses de ruta fija,251 y más personas,91000,30,VERACRUZ DE IGNACIO DE LA LLAVE,87,Xalapa,1,Xalapa-Enríquez,19.535854,-96.919571,48-49
4392050,30013332320000051001019371M1,485410,Transporte escolar y de personal,251 y más personas,92360,30,VERACRUZ DE IGNACIO DE LA LLAVE,13,Naranjos Amatlán,1,Naranjos,21.34844,-97.691811,48-49
6412073,30193488519000287000004047S0,488519,Otros servicios de intermediación para el transporte de carga,251 y más personas,91700,30,VERACRUZ DE IGNACIO DE LA LLAVE,193,Veracruz,1,Veracruz,19.201553,-96.140343,48-49
6509531,30131486910000017000003128S4,486910,Transporte por ductos de productos refinados del petróleo,251 y más personas,93370,30,VERACRUZ DE IGNACIO DE LA LLAVE,131,Poza Rica de Hidalgo,1,Poza Rica de Hidalgo,20.5193,-97.45668,48-49
6515032,30039483113000027000003128S2,483113,Transporte marítimo de petróleo y gas natural,251 y más personas,96384,30,VERACRUZ DE IGNACIO DE LA LLAVE,39,Coatzacoalcos,21,Allende,18.113935,-94.407623,48-49
6515033,30189483113000017000003128S6,483113,Transporte marítimo de petróleo y gas natural,251 y más personas,92773,30,VERACRUZ DE IGNACIO DE LA LLAVE,189,Tuxpan,9,Barra Norte,20.972006,-97.312271,48-49
6163479,30044484231000017000000000U2,484231,Autotransporte foráneo de materiales para la construcción,251 y más personas,94793,30,VERACRUZ DE IGNACIO DE LA LLAVE,74,Huiloapan de Cuauhtémoc,5,San Cristóbal,18.833221,-97.128052,48-49
9249353,30028484239000033000024161M5,484239,Otro autotransporte foráneo de carga especializado,251 y más personas,94293,30,VERACRUZ DE IGNACIO DE LA LLAVE,28,Boca del Río,37,Veracruz,19.122204,-96.105522,48-49
6163779,30014485111000021011040881M0,484129,Otro autotransporte foráneo de carga general,251 y más personas,94950,30,VERACRUZ DE IGNACIO DE LA LLAVE,14,Amatlán de los Reyes,16,Peñuela,18.862883,-96.884758,48-49
6163526,30141485111000097000015828M1,485111,Transporte colectivo urbano y suburbano de pasajeros en autobuses de ruta fija,251 y más personas,95700,30,VERACRUZ DE IGNACIO DE LA LLAVE,141,San Andrés Tuxtla,1,San Andrés Tuxtla,18.452181,-95.221489,48-49
6163551,30014484129000077001000000U5,484129,Otro autotransporte foráneo de carga general,251 y más personas,94952,30,VERACRUZ DE IGNACIO DE LA LLAVE,14,Amatlán de los Reyes,27,Parada la Concha,18.84005,-96.828094,48-49
6515721,30044484129000207001000000U5,484129,Otro autotransporte foráneo de carga general,251 y más personas,94485,30,VERACRUZ DE IGNACIO DE LA LLAVE,44,Córdoba,178,Aeropista,18.874035,-96.95993,48-49
6412468,30039488320000027000000000U8,488320,Servicios de carga y descarga para el transporte por agua,251 y más personas,96400,30,VERACRUZ DE IGNACIO DE LA LLAVE,39,Coatzacoalcos,1,Coatzacoalcos,18.141399,-94.413109,48-49
6509764,30193491110000051000041659M3,491110,Servicios postales,251 y más personas,91700,30,VERACRUZ DE IGNACIO DE LA LLAVE,193,Veracruz,1,Veracruz,19.203819,-96.139198,48-49
6407255,30044511112000046002012300M0,511112,Edición de periódicos integrada con la impresión,251 y más personas,94690,30,VERACRUZ DE IGNACIO DE LA LLAVE,44,Córdoba,1,Córdoba,18.877937,-96.921486,51
6409454,30087515110000117000000000U8,515110,Transmisión de programas de radio,251 y más personas,91010,30,VERACRUZ DE IGNACIO DE LA LLAVE,87,Xalapa,1,Xalapa-Enríquez,19.566994,-96.932938,51
4276241,30087522490000221000039436S5,522460,Sociedades financieras de objeto múltiple,251 y más personas,91000,30,VERACRUZ DE IGNACIO DE LA LLAVE,87,Xalapa,1,Xalapa-Enríquez,19.527822,-96.926765,52
6864893,30087541211002561001019608S9,541211,Servicios de contabilidad y auditoría,251 y más personas,91180,30,VERACRUZ DE IGNACIO DE LA LLAVE,87,Xalapa,1,Xalapa-Enríquez,19.537233,-96.906548,54
6884414,30118541610000052001000000U7,541610,Servicios de consultoría en administración,251 y más personas,94300,30,VERACRUZ DE IGNACIO DE LA LLAVE,118,Orizaba,1,Orizaba,18.847231,-97.103935,54
6776801,30193333999000015011000000U6,541330,Servicios de ingeniería,251 y más personas,91697,30,VERACRUZ DE IGNACIO DE LA LLAVE,193,Veracruz,87,Valente Díaz,19.162159,-96.236015,54
6711351,30044541610000246001000000U3,541610,Servicios de consultoría en administración,251 y más personas,94500,30,VERACRUZ DE IGNACIO DE LA LLAVE,44,Córdoba,1,Córdoba,18.892797,-96.933945,54
6238503,30087551111000031001000000U4,551111,Corporativos,251 y más personas,91180,30,VERACRUZ DE IGNACIO DE LA LLAVE,87,Xalapa,1,Xalapa-Enríquez,19.536297,-96.906204,55
6412115,30039561110000097000012811M6,561110,Servicios de administración de negocios,251 y más personas,96400,30,VERACRUZ DE IGNACIO DE LA LLAVE,39,Coatzacoalcos,21,Allende,18.10758,-94.393715,56
9333823,30087561330000286000000000U8,561330,Suministro de personal permanente,251 y más personas,,30,VERACRUZ DE IGNACIO DE LA LLAVE,87,Xalapa,1,Xalapa-Enríquez,19.514193,-96.881561,56
6768134,30131561330000111001000000U4,561330,Suministro de personal permanente,251 y más personas,93399,30,VERACRUZ DE IGNACIO DE LA LLAVE,131,Poza Rica de Hidalgo,1,Poza Rica de Hidalgo,20.511339,-97.443863,56
9249889,30087561330000266000000000U0,561330,Suministro de personal permanente,251 y más personas,91190,30,VERACRUZ DE IGNACIO DE LA LLAVE,87,Xalapa,1,Xalapa-Enríquez,19.515821,-96.877754,56
6742795,30193561620000171001000000U2,561620,Servicios de protección y custodia mediante el monitoreo de sistemas de seguridad,251 y más personas,91700,30,VERACRUZ DE IGNACIO DE LA LLAVE,193,Veracruz,1,Veracruz,19.197001,-96.137024,56
8723794,30087561620000187000003398S2,561610,"Servicios de investigación y de protección y custodia, excepto mediante monitoreo",251 y más personas,91010,30,VERACRUZ DE IGNACIO DE LA LLAVE,87,Xalapa,1,Xalapa-Enríquez,19.553551,-96.933174,56
6737823,30039561310000111001000000U1,561310,Agencias de colocación,251 y más personas,37100,30,VERACRUZ DE IGNACIO DE LA LLAVE,39,Coatzacoalcos,1,Coatzacoalcos,18.145758,-94.42173,56
8620812,30131561610000207000000000U5,561610,"Servicios de investigación y de protección y custodia, excepto mediante monitoreo",251 y más personas,93370,30,VERACRUZ DE IGNACIO DE LA LLAVE,131,Poza Rica de Hidalgo,1,Poza Rica de Hidalgo,20.513901,-97.449333,56
6769466,30193561610000542001002372S5,561610,"Servicios de investigación y de protección y custodia, excepto mediante monitoreo",251 y más personas,91700,30,VERACRUZ DE IGNACIO DE LA LLAVE,193,Veracruz,1,Veracruz,19.192043,-96.149834,56
6699015,30193561990000671011016209S8,561110,Servicios de administración de negocios,251 y más personas,91800,30,VERACRUZ DE IGNACIO DE LA LLAVE,193,Veracruz,1,Veracruz,19.215069,-96.185425,56
6765511,30028561620000087010000000U8,561620,Servicios de protección y custodia mediante el monitoreo de sistemas de seguridad,251 y más personas,94299,30,VERACRUZ DE IGNACIO DE LA LLAVE,28,Boca del Río,37,Veracruz,19.15448,-96.107513,56
6857129,09014541211008177000022340M9,561310,Agencias de colocación,251 y más personas,91000,30,VERACRUZ DE IGNACIO DE LA LLAVE,87,Xalapa,1,Xalapa-Enríquez,19.551453,-96.9058,56
6733869,30108561330000043011010206S7,561110,Servicios de administración de negocios,251 y más personas,96729,30,VERACRUZ DE IGNACIO DE LA LLAVE,108,Minatitlán,1,Minatitlán,17.992247,-94.574478,56
6421995,30087561610000146012000000U9,561620,Servicios de protección y custodia mediante el monitoreo de sistemas de seguridad,251 y más personas,91630,30,VERACRUZ DE IGNACIO DE LA LLAVE,87,Xalapa,1,Xalapa-Enríquez,19.526371,-96.917107,56
4305578,30028561790000027000000000U5,561790,Otros servicios de limpieza,251 y más personas,,30,VERACRUZ DE IGNACIO DE LA LLAVE,28,Boca del Río,37,Veracruz,19.151213,-96.111069,56
4454952,30087611312000837000000000U0,611312,Escuelas de educación superior del sector público,251 y más personas,91010,30,VERACRUZ DE IGNACIO DE LA LLAVE,87,Xalapa,1,Xalapa-Enríquez,19.554142,-96.929214,61
4455014,30087611312000766001000000U7,611312,Escuelas de educación superior del sector público,251 y más personas,91010,30,VERACRUZ DE IGNACIO DE LA LLAVE,87,Xalapa,1,Xalapa-Enríquez,19.559799,-96.930832,61
4480890,30087611612000067000000000U3,611312,Escuelas de educación superior del sector público,251 y más personas,91000,30,VERACRUZ DE IGNACIO DE LA LLAVE,87,Xalapa,1,Xalapa-Enríquez,19.524935,-96.924301,61
4481044,30087611312000756001000000U8,611312,Escuelas de educación superior del sector público,251 y más personas,91090,30,VERACRUZ DE IGNACIO DE LA LLAVE,87,Xalapa,1,Xalapa-Enríquez,19.517824,-96.917534,61
9303800,30048611312000057000000000U3,611312,Escuelas de educación superior del sector público,251 y más personas,96344,30,VERACRUZ DE IGNACIO DE LA LLAVE,48,Cosoleacaque,73,Minatitlán,18.005278,-94.555092,61
4438082,30048611312000017000000000U7,611312,Escuelas de educación superior del sector público,251 y más personas,96344,30,VERACRUZ DE IGNACIO DE LA LLAVE,48,Cosoleacaque,73,Minatitlán,18.005325,-94.555046,61
4484502,30193611312000117000000000U9,611312,Escuelas de educación superior del sector público,251 y más personas,91897,30,VERACRUZ DE IGNACIO DE LA LLAVE,193,Veracruz,1,Veracruz,19.200829,-96.159256,61
4279346,30087611312001027000000000U3,611312,Escuelas de educación superior del sector público,251 y más personas,91096,30,VERACRUZ DE IGNACIO DE LA LLAVE,87,Xalapa,86,Colonia Santa Bárbara,19.502047,-96.878609,61
9303820,30087611312001677000000000U5,611312,Escuelas de educación superior del sector público,251 y más personas,91194,30,VERACRUZ DE IGNACIO DE LA LLAVE,87,Xalapa,86,Colonia Santa Bárbara,19.502817,-96.878265,61
6406907,30087611311000324002039807M7,611311,Escuelas de educación superior del sector privado,251 y más personas,91097,30,VERACRUZ DE IGNACIO DE LA LLAVE,87,Xalapa,1,Xalapa-Enríquez,19.512123,-96.88504,61
6280027,30193611311000306000012740M0,611311,Escuelas de educación superior del sector privado,251 y más personas,91930,30,VERACRUZ DE IGNACIO DE LA LLAVE,193,Veracruz,1,Veracruz,19.155672,-96.130821,61
9043232,30193611311000593000006725S3,611311,Escuelas de educación superior del sector privado,251 y más personas,91700,30,VERACRUZ DE IGNACIO DE LA LLAVE,193,Veracruz,1,Veracruz,19.202534,-96.14064,61
6279658,30108611311000056001012452S9,611311,Escuelas de educación superior del sector privado,251 y más personas,96760,30,VERACRUZ DE IGNACIO DE LA LLAVE,108,Minatitlán,1,Minatitlán,17.987246,-94.566452,61
6412559,30028611311000011002006957S4,611311,Escuelas de educación superior del sector privado,251 y más personas,94299,30,VERACRUZ DE IGNACIO DE LA LLAVE,28,Boca del Río,37,Veracruz,19.148666,-96.113579,61
4458559,30039611312000037000000000U4,611312,Escuelas de educación superior del sector público,251 y más personas,96530,30,VERACRUZ DE IGNACIO DE LA LLAVE,39,Coatzacoalcos,1,Coatzacoalcos,18.142633,-94.475929,61
4428296,30108611312000016001000000U1,611312,Escuelas de educación superior del sector público,251 y más personas,96760,30,VERACRUZ DE IGNACIO DE LA LLAVE,108,Minatitlán,1,Minatitlán,17.989607,-94.572258,61
4485630,30028611311000054001000000U4,611312,Escuelas de educación superior del sector público,251 y más personas,94294,30,VERACRUZ DE IGNACIO DE LA LLAVE,28,Boca del Río,37,Veracruz,19.15975,-96.110641,61
6503544,30039624412000314000000000U0,624412,Guarderías del sector público,251 y más personas,96500,30,Veracruz de Ignacio de la Llave,39,Coatzacoalcos,1,Coatzacoalcos,18.14344,-94.445061,62
4461418,30087622312000017000000000U2,622312,Hospitales del sector público de otras especialidades médicas,251 y más personas,91014,30,Veracruz de Ignacio de la Llave,87,Xalapa,1,Xalapa-Enríquez,19.551693,-96.935272,62
4278875,30087621342000016001000000U2,621342,"Consultorios del sector público de audiología y de terapia ocupacional, física y del lenguaje",251 y más personas,91193,30,Veracruz de Ignacio de la Llave,87,Xalapa,1,Xalapa-Enríquez,19.509262,-96.88372,62
4476661,30087622112000157000000000U0,622112,Hospitales generales del sector público,251 y más personas,91130,30,Veracruz de Ignacio de la Llave,87,Xalapa,1,Xalapa-Enríquez,19.544615,-96.923576,62
4406085,30118622112000057000000000U5,622112,Hospitales generales del sector público,251 y más personas,94430,30,Veracruz de Ignacio de la Llave,118,Orizaba,1,Orizaba,18.86857,-97.096222,62
4351808,30189622112000037001000000U8,622112,Hospitales generales del sector público,251 y más personas,92860,30,Veracruz de Ignacio de la Llave,189,Tuxpan,1,Túxpam de Rodríguez Cano,20.952425,-97.417343,62
9286056,30039622112000187000000000U8,622112,Hospitales generales del sector público,251 y más personas,96400,30,Veracruz de Ignacio de la Llave,39,Coatzacoalcos,1,Coatzacoalcos,18.148634,-94.41172,62
4485843,30193621491000052000000000U8,621116,Clínicas de consultorios médicos del sector público,251 y más personas,91700,30,Veracruz de Ignacio de la Llave,193,Veracruz,1,Veracruz,19.17765,-96.134506,62
4441042,30141622112000026001000000U2,622112,Hospitales generales del sector público,251 y más personas,95786,30,Veracruz de Ignacio de la Llave,141,San Andrés Tuxtla,1,San Andrés Tuxtla,18.443436,-95.208855,62
6278674,30044622111000096000012698S3,622111,Hospitales generales del sector privado,251 y más personas,94560,30,Veracruz de Ignacio de la Llave,44,Córdoba,1,Córdoba,18.897612,-96.942589,62
6278946,30118622111000011001012698M4,622111,Hospitales generales del sector privado,251 y más personas,94300,30,Veracruz de Ignacio de la Llave,118,Orizaba,1,Orizaba,18.845842,-97.10247,62
4417199,30193622112000137010000000U8,622312,Hospitales del sector público de otras especialidades médicas,251 y más personas,91700,30,Veracruz de Ignacio de la Llave,193,Veracruz,1,Veracruz,19.185459,-96.132401,62
4417847,30193622112000147000000000U7,622112,Hospitales generales del sector público,251 y más personas,91919,30,Veracruz de Ignacio de la Llave,193,Veracruz,1,Veracruz,19.17211,-96.134224,62
4281771,30038622112000046000000000U8,622112,Hospitales generales del sector público,251 y más personas,91500,30,Veracruz de Ignacio de la Llave,38,Coatepec,1,Coatepec,19.449209,-96.959007,62
6497388,30193622112000217000000000U8,622112,Hospitales generales del sector público,251 y más personas,91859,30,Veracruz de Ignacio de la Llave,193,Veracruz,1,Veracruz,19.198767,-96.157845,62
6499185,30204622111000011000000000U2,622112,Hospitales generales del sector público,251 y más personas,96690,30,Veracruz de Ignacio de la Llave,204,Agua Dulce,1,Agua Dulce,18.141588,-94.137436,62
4344101,30048622112000086001000000U3,622112,Hospitales generales del sector público,251 y más personas,96340,30,Veracruz de Ignacio de la Llave,48,Cosoleacaque,1,Cosoleacaque,17.992502,-94.641304,62
4306664,30028622312000016001000000U8,622312,Hospitales del sector público de otras especialidades médicas,251 y más personas,94290,30,Veracruz de Ignacio de la Llave,28,Boca del Río,1,Boca del Río,19.103729,-96.107887,62
4372061,30044622112000057000000000U3,622112,Hospitales generales del sector público,251 y más personas,94690,30,Veracruz de Ignacio de la Llave,44,Córdoba,1,Córdoba,18.88006,-96.920753,62
4387020,30108622112000047000000000U7,622112,Hospitales generales del sector público,251 y más personas,96737,30,Veracruz de Ignacio de la Llave,108,Minatitlán,1,Minatitlán,17.99029,-94.560013,62
4484770,30193622112000127000000000U9,622112,Hospitales generales del sector público,251 y más personas,91855,30,Veracruz de Ignacio de la Llave,193,Veracruz,1,Veracruz,19.192444,-96.183182,62
4480978,30087622112000117000000000U4,622112,Hospitales generales del sector público,251 y más personas,91000,30,Veracruz de Ignacio de la Llave,87,Xalapa,1,Xalapa-Enríquez,19.522884,-96.921852,62
4224320,30045622112000167000000000U7,622112,Hospitales generales del sector público,251 y más personas,95400,30,Veracruz de Ignacio de la Llave,45,Cosamaloapan de Carpio,1,Cosamaloapan,18.365005,-95.782883,62
4481223,30016622112000037000000000U3,622112,Hospitales generales del sector público,251 y más personas,91653,30,Veracruz de Ignacio de la Llave,16,La Antigua,1,José Cardel,19.37661,-96.375,62
4354829,30189622112000047000000000U7,622112,Hospitales generales del sector público,251 y más personas,92800,30,Veracruz de Ignacio de la Llave,189,Tuxpan,1,Túxpam de Rodríguez Cano,20.951,-97.400589,62
4230474,30102622112000047000000000U0,622112,Hospitales generales del sector público,251 y más personas,93603,30,Veracruz de Ignacio de la Llave,102,Martínez de la Torre,1,Martínez de la Torre,20.080709,-97.047951,62
4399579,30109622112000036001000000U8,622112,Hospitales generales del sector público,251 y más personas,93820,30,Veracruz de Ignacio de la Llave,109,Misantla,1,Misantla,19.922707,-96.85154,62
6460002,30206622112000027000000000U1,622112,Hospitales generales del sector público,251 y más personas,96360,30,Veracruz de Ignacio de la Llave,206,Nanchital de Lázaro Cárdenas del Río,1,Nanchital de Lázaro Cárdenas del Río,18.059654,-94.408203,62
4408526,30118622112000067000000000U4,622112,Hospitales generales del sector público,251 y más personas,94364,30,Veracruz de Ignacio de la Llave,118,Orizaba,1,Orizaba,18.850164,-97.085182,62
4383137,30108622112000037000000000U8,622112,Hospitales generales del sector público,251 y más personas,96700,30,Veracruz de Ignacio de la Llave,108,Minatitlán,1,Minatitlán,17.987415,-94.549568,62
6466403,30193622112000157001000000U6,622112,Hospitales generales del sector público,251 y más personas,91700,30,Veracruz de Ignacio de la Llave,193,Veracruz,1,Veracruz,19.200386,-96.131561,62
4466261,30039622112000127000000000U4,622112,Hospitales generales del sector público,251 y más personas,96400,30,Veracruz de Ignacio de la Llave,39,Coatzacoalcos,1,Coatzacoalcos,18.145533,-94.424324,62
4480740,30087622112000127000000000U3,622112,Hospitales generales del sector público,251 y más personas,91000,30,Veracruz de Ignacio de la Llave,87,Xalapa,1,Xalapa-Enríquez,19.525946,-96.92128,62
6472452,30108622111000067000000000U7,622112,Hospitales generales del sector público,251 y más personas,96850,30,Veracruz de Ignacio de la Llave,108,Minatitlán,1,Minatitlán,18.004856,-94.541214,62
4222518,30131622112000057000000000U8,622112,Hospitales generales del sector público,251 y más personas,93210,30,Veracruz de Ignacio de la Llave,131,Poza Rica de Hidalgo,1,Poza Rica de Hidalgo,20.554106,-97.439552,62
6460000,30131622111000067000000000U9,622112,Hospitales generales del sector público,251 y más personas,93260,30,Veracruz de Ignacio de la Llave,131,Poza Rica de Hidalgo,1,Poza Rica de Hidalgo,20.529638,-97.460091,62
4379396,30138622112000047000000000U4,622112,Hospitales generales del sector público,251 y más personas,94733,30,Veracruz de Ignacio de la Llave,138,Río Blanco,1,Río Blanco,18.834496,-97.125252,62
8075806,30131622112000087000000000U5,622112,Hospitales generales del sector público,251 y más personas,93260,30,Veracruz de Ignacio de la Llave,131,Poza Rica de Hidalgo,1,Poza Rica de Hidalgo,20.522449,-97.454391,62
4364928,30044622112000067000000000U2,622112,Hospitales generales del sector público,251 y más personas,94500,30,Veracruz de Ignacio de la Llave,44,Córdoba,1,Córdoba,18.89156,-96.93856,62
4461496,30087622112000137000000000U2,622112,Hospitales generales del sector público,251 y más personas,91020,30,Veracruz de Ignacio de la Llave,87,Xalapa,1,Xalapa-Enríquez,19.544926,-96.937912,62
4442804,30193622112000167000000000U5,622112,Hospitales generales del sector público,251 y más personas,91920,30,Veracruz de Ignacio de la Llave,193,Veracruz,1,Veracruz,19.156271,-96.130882,62
4442803,30193622112000227000000000U7,622112,Hospitales generales del sector público,251 y más personas,91920,30,Veracruz de Ignacio de la Llave,193,Veracruz,1,Veracruz,19.15605,-96.130852,62
4446722,30039622112000117000000000U5,622112,Hospitales generales del sector público,251 y más personas,96420,30,Veracruz de Ignacio de la Llave,39,Coatzacoalcos,1,Coatzacoalcos,18.139912,-94.433517,62
4351692,30102622112000057000000000U9,622112,Hospitales generales del sector público,251 y más personas,93610,30,Veracruz de Ignacio de la Llave,102,Martínez de la Torre,30,Independencia,20.056738,-97.06031,62
4213320,30097622112000027000000000U4,621116,Clínicas de consultorios médicos del sector público,251 y más personas,95282,30,Veracruz de Ignacio de la Llave,97,Lerdo de Tejada,1,Lerdo de Tejada,18.633131,-95.523552,62
6258976,30087622111000097000003503S0,622111,Hospitales generales del sector privado,251 y más personas,91193,30,Veracruz de Ignacio de la Llave,87,Xalapa,1,Xalapa-Enríquez,19.516111,-96.880379,62
6327150,30193622111000086000024836M9,622111,Hospitales generales del sector privado,251 y más personas,91700,30,Veracruz de Ignacio de la Llave,193,Veracruz,1,Veracruz,19.194416,-96.130096,62
4484279,30193622112000177000000000U4,622112,Hospitales generales del sector público,251 y más personas,91897,30,Veracruz de Ignacio de la Llave,193,Veracruz,1,Veracruz,19.200073,-96.157028,62
4405239,30193622112000096001000000U6,621116,Clínicas de consultorios médicos del sector público,251 y más personas,91700,30,Veracruz de Ignacio de la Llave,193,Veracruz,1,Veracruz,19.200132,-96.145638,62
4276148,30087621116000027000000000U7,621116,Clínicas de consultorios médicos del sector público,251 y más personas,91070,30,Veracruz de Ignacio de la Llave,87,Xalapa,1,Xalapa-Enríquez,19.525591,-96.933586,62
4484282,30193622112000116000000000U2,621116,Clínicas de consultorios médicos del sector público,251 y más personas,91897,30,Veracruz de Ignacio de la Llave,193,Veracruz,1,Veracruz,19.199652,-96.157654,62
6408358,30044721111000063001000000U3,721111,Hoteles con otros servicios integrados,251 y más personas,94550,30,VERACRUZ DE IGNACIO DE LA LLAVE,44,Córdoba,1,Córdoba,18.900167,-96.944588,72_2
6279987,30193721111000191001039199M7,721111,Hoteles con otros servicios integrados,251 y más personas,91709,30,VERACRUZ DE IGNACIO DE LA LLAVE,193,Veracruz,1,Veracruz,19.201979,-96.134193,72_2
6279896,30028721111000326001023119S7,721111,Hoteles con otros servicios integrados,251 y más personas,94299,30,VERACRUZ DE IGNACIO DE LA LLAVE,28,Boca del Río,37,Veracruz,19.150513,-96.095291,72_2
6410567,30028721111000316001012573S8,721111,Hoteles con otros servicios integrados,251 y más personas,94299,30,VERACRUZ DE IGNACIO DE LA LLAVE,28,Boca del Río,37,Veracruz,19.141373,-96.103394,72_2
6407808,30039721111000113000003415S6,721111,Hoteles con otros servicios integrados,251 y más personas,96536,30,VERACRUZ DE IGNACIO DE LA LLAVE,39,Coatzacoalcos,1,Coatzacoalcos,18.144629,-94.487625,72_2
6278388,30191721111000065001023672S7,721111,Hoteles con otros servicios integrados,251 y más personas,91666,30,VERACRUZ DE IGNACIO DE LA LLAVE,191,Ursulo Galván,16,Playa de Chachalacas,19.434982,-96.322067,72_2
6885556,30087722310000016001024767S7,722310,Servicios de comedor para empresas e instituciones,251 y más personas,91190,30,VERACRUZ DE IGNACIO DE LA LLAVE,87,Xalapa,1,Xalapa-Enríquez,19.53537,-96.891052,72_2
6412648,30039811314000031010000000U1,811312,Reparación y mantenimiento de maquinaria y equipo industrial,251 y más personas,96499,30,VERACRUZ DE IGNACIO DE LA LLAVE,39,Coatzacoalcos,1,Coatzacoalcos,18.124681,-94.439392,81_2
6277698,30189332310000027010000000U0,811312,Reparación y mantenimiento de maquinaria y equipo industrial,251 y más personas,92770,30,VERACRUZ DE IGNACIO DE LA LLAVE,189,Tuxpan,91,La Victoria (La Peñita),20.93697,-97.373344,81_2
6410508,30039811219000544002003016M4,811219,Reparación y mantenimiento de otro equipo electrónico y de equipo de precisión,251 y más personas,96400,30,VERACRUZ DE IGNACIO DE LA LLAVE,39,Coatzacoalcos,1,Coatzacoalcos,18.148417,-94.42804,81_2
6885614,30207811312000123001023814M3,811312,Reparación y mantenimiento de maquinaria y equipo industrial,251 y más personas,95300,30,VERACRUZ DE IGNACIO DE LA LLAVE,207,Tres Valles,1,Tres Valles,18.235268,-96.133881,81_2
6858049,30193811314000117000000000U3,811314,Reparación y mantenimiento de maquinaria y equipo comercial y de servicios,251 y más personas,91919,30,VERACRUZ DE IGNACIO DE LA LLAVE,193,Veracruz,1,Veracruz,19.175283,-96.124573,81_2
6409194,30193811312000965001000000U9,811312,Reparación y mantenimiento de maquinaria y equipo industrial,251 y más personas,94296,30,VERACRUZ DE IGNACIO DE LA LLAVE,28,Boca del Río,37,Veracruz,19.160337,-96.124634,81_2
4416316,30108811312000293001039180M4,811312,Reparación y mantenimiento de maquinaria y equipo industrial,251 y más personas,96760,30,VERACRUZ DE IGNACIO DE LA LLAVE,108,Minatitlán,1,Minatitlán,17.988049,-94.564774,81_2
4329433,30141931810000027000000000U5,931810,Actividades de seguridad nacional,251 y más personas,95786,30,VERACRUZ DE IGNACIO DE LA LLAVE,141,San Andrés Tuxtla,1,San Andrés Tuxtla,18.442852,-95.208313,93
4245898,30189931810000077000000000U9,931810,Actividades de seguridad nacional,251 y más personas,,30,VERACRUZ DE IGNACIO DE LA LLAVE,189,Tuxpan,1,Túxpam de Rodríguez Cano,20.950792,-97.428703,93
4312383,30193931210001157000000000U3,931210,Administración pública en general,251 y más personas,91700,30,VERACRUZ DE IGNACIO DE LA LLAVE,193,Veracruz,1,Veracruz,19.215088,-96.157959,93
4472098,30124931210000113000000000U2,931210,Administración pública en general,251 y más personas,93400,30,VERACRUZ DE IGNACIO DE LA LLAVE,124,Papantla,1,Papantla de Olarte,20.44603,-97.322441,93
4448681,30038931210000137001000000U3,931210,Administración pública en general,251 y más personas,91500,30,VERACRUZ DE IGNACIO DE LA LLAVE,38,Coatepec,1,Coatepec,19.454573,-96.960175,93
4383924,30108931210000117000000000U6,931210,Administración pública en general,251 y más personas,96700,30,VERACRUZ DE IGNACIO DE LA LLAVE,108,Minatitlán,1,Minatitlán,17.98526,-94.544861,93
4351242,30089931210000037001000000U8,931210,Administración pública en general,251 y más personas,96200,30,VERACRUZ DE IGNACIO DE LA LLAVE,89,Jáltipan,1,Jáltipan de Morelos,17.966021,-94.721657,93
4363514,30044931210000267000000000U6,931210,Administración pública en general,251 y más personas,94500,30,VERACRUZ DE IGNACIO DE LA LLAVE,44,Córdoba,1,Córdoba,18.894379,-96.935242,93
7315760,30133931810000017000000000U3,931810,Actividades de seguridad nacional,251 y más personas,92030,30,VERACRUZ DE IGNACIO DE LA LLAVE,133,Pueblo Viejo,1,Cd. Cuauhtémoc,22.183207,-97.828835,93
8313926,30193931810000147000000000U2,931810,Actividades de seguridad nacional,251 y más personas,91698,30,VERACRUZ DE IGNACIO DE LA LLAVE,193,Veracruz,65,Campestre las Bajadas,19.153133,-96.193604,93
7748817,30193931810000107000000000U6,931810,Actividades de seguridad nacional,251 y más personas,91698,30,VERACRUZ DE IGNACIO DE LA LLAVE,193,Veracruz,65,Campestre las Bajadas,19.153133,-96.193604,93
7748815,30193931810000087000000000U0,931810,Actividades de seguridad nacional,251 y más personas,91698,30,VERACRUZ DE IGNACIO DE LA LLAVE,193,Veracruz,65,Campestre las Bajadas,19.153133,-96.193604,93
4372022,30044931410000021000000000U3,931410,Impartición de justicia y mantenimiento de la seguridad y el orden público,251 y más personas,94501,30,VERACRUZ DE IGNACIO DE LA LLAVE,44,Córdoba,1,Córdoba,18.870382,-96.912155,93
4480471,30087931210001123001000000U9,931210,Administración pública en general,251 y más personas,91000,30,VERACRUZ DE IGNACIO DE LA LLAVE,87,Xalapa,1,Xalapa-Enríquez,19.52844,-96.920616,93
8449784,30087931210002727000000000U6,931210,Administración pública en general,251 y más personas,91000,30,VERACRUZ DE IGNACIO DE LA LLAVE,87,Xalapa,1,Xalapa-Enríquez,19.527231,-96.922905,93
4380622,30173931210000051001000000U1,931210,Administración pública en general,251 y más personas,95096,30,VERACRUZ DE IGNACIO DE LA LLAVE,173,Tezonapa,1,Tezonapa,18.604425,-96.687935,93
9181260,30189931810000127000000000U2,931810,Actividades de seguridad nacional,251 y más personas,92773,30,VERACRUZ DE IGNACIO DE LA LLAVE,189,Tuxpan,1,Túxpam de Rodríguez Cano,20.955091,-97.347282,93
4246668,30189931810000017000000000U5,931810,Actividades de seguridad nacional,251 y más personas,,30,VERACRUZ DE IGNACIO DE LA LLAVE,189,Tuxpan,83,Santiago de la Peña,20.940529,-97.390709,93
4277236,30087931410001037000000000U7,931410,Impartición de justicia y mantenimiento de la seguridad y el orden público,251 y más personas,91000,30,VERACRUZ DE IGNACIO DE LA LLAVE,87,Xalapa,1,Xalapa-Enríquez,19.530361,-96.916565,93
4265263,30128931810000017000000000U3,931810,Actividades de seguridad nacional,251 y más personas,91270,30,VERACRUZ DE IGNACIO DE LA LLAVE,128,Perote,1,Perote,19.563061,-97.24202,93
4454877,30087931210001777000000000U2,931610,Actividades administrativas de instituciones de bienestar social,251 y más personas,91010,30,VERACRUZ DE IGNACIO DE LA LLAVE,87,Xalapa,1,Xalapa-Enríquez,19.560938,-96.928879,93
4480374,30028931210000486001000000U5,931210,Administración pública en general,251 y más personas,94290,30,VERACRUZ DE IGNACIO DE LA LLAVE,28,Boca del Río,1,Boca del Río,19.102573,-96.110153,93
4479379,30087611162000227000000000U8,931610,Actividades administrativas de instituciones de bienestar social,251 y más personas,91000,30,VERACRUZ DE IGNACIO DE LA LLAVE,87,Xalapa,1,Xalapa-Enríquez,19.531301,-96.923523,93
8167321,30065931410000127000000000U3,931410,Impartición de justicia y mantenimiento de la seguridad y el orden público,251 y más personas,91640,30,VERACRUZ DE IGNACIO DE LA LLAVE,65,Emiliano Zapata,20,El Lencero,19.487755,-96.810226,93
8661258,30189931210000627000000000U4,931210,Administración pública en general,251 y más personas,92800,30,VERACRUZ DE IGNACIO DE LA LLAVE,189,Tuxpan,1,Túxpam de Rodríguez Cano,20.953587,-97.411163,93
4480712,30087931210001747010000000U5,931410,Impartición de justicia y mantenimiento de la seguridad y el orden público,251 y más personas,91000,30,VERACRUZ DE IGNACIO DE LA LLAVE,87,Xalapa,1,Xalapa-Enríquez,19.524319,-96.920807,93
4275476,30087931410000777000000000U9,931410,Impartición de justicia y mantenimiento de la seguridad y el orden público,251 y más personas,91050,30,VERACRUZ DE IGNACIO DE LA LLAVE,87,Xalapa,1,Xalapa-Enríquez,19.533524,-96.935654,93
4462242,30087931410000973001000000U4,931410,Impartición de justicia y mantenimiento de la seguridad y el orden público,251 y más personas,91050,30,VERACRUZ DE IGNACIO DE LA LLAVE,87,Xalapa,1,Xalapa-Enríquez,19.533554,-96.936203,93
6466274,30087931210001556001000000U0,931210,Administración pública en general,251 y más personas,91000,30,VERACRUZ DE IGNACIO DE LA LLAVE,87,Xalapa,1,Xalapa-Enríquez,19.529135,-96.923134,93
4469250,30087931610001227000000000U9,931610,Actividades administrativas de instituciones de bienestar social,251 y más personas,91190,30,VERACRUZ DE IGNACIO DE LA LLAVE,87,Xalapa,1,Xalapa-Enríquez,19.527523,-96.898064,93
4479602,30087931210002063011000000U6,931410,Impartición de justicia y mantenimiento de la seguridad y el orden público,251 y más personas,91000,30,VERACRUZ DE IGNACIO DE LA LLAVE,87,Xalapa,1,Xalapa-Enríquez,19.526165,-96.929489,93
4434929,30193931410000476001000000U4,931410,Impartición de justicia y mantenimiento de la seguridad y el orden público,251 y más personas,91698,30,VERACRUZ DE IGNACIO DE LA LLAVE,193,Veracruz,1,Veracruz,19.168034,-96.165192,93
9086689,30155931210000247000000000U2,931210,Administración pública en general,251 y más personas,92120,30,VERACRUZ DE IGNACIO DE LA LLAVE,155,Tantoyuca,1,Tantoyuca,21.352043,-98.225594,93
4472425,30160931210000047000000000U6,931210,Administración pública en general,251 y más personas,92730,30,VERACRUZ DE IGNACIO DE LA LLAVE,160,Álamo Temapache,1,Álamo,20.916737,-97.67601,93
4480375,30028931210000282001000000U8,931210,Administración pública en general,251 y más personas,94290,30,VERACRUZ DE IGNACIO DE LA LLAVE,28,Boca del Río,1,Boca del Río,19.100101,-96.105736,93
4222801,30045931210000207001000000U9,931210,Administración pública en general,251 y más personas,95400,30,VERACRUZ DE IGNACIO DE LA LLAVE,45,Cosamaloapan de Carpio,1,Cosamaloapan,18.364517,-95.796463,93
8738304,30118931210000287000000000U6,931210,Administración pública en general,251 y más personas,94300,30,VERACRUZ DE IGNACIO DE LA LLAVE,118,Orizaba,1,Orizaba,18.847595,-97.107925,93
4353839,30204931210000057000000000U1,931210,Administración pública en general,251 y más personas,96660,30,VERACRUZ DE IGNACIO DE LA LLAVE,204,Agua Dulce,1,Agua Dulce,18.137836,-94.147041,93
4237517,30102931210000157000000000U5,931210,Administración pública en general,251 y más personas,93600,30,VERACRUZ DE IGNACIO DE LA LLAVE,102,Martínez de la Torre,1,Martínez de la Torre,20.061197,-97.054291,93
4272775,30087931110000027000000000U5,931110,Órganos legislativos,251 y más personas,91180,30,VERACRUZ DE IGNACIO DE LA LLAVE,87,Xalapa,1,Xalapa-Enríquez,19.541576,-96.909485,93
4322700,30015931210000151001000000U2,931210,Administración pública en general,251 y más personas,95841,30,VERACRUZ DE IGNACIO DE LA LLAVE,15,Angel R. Cabada,1,Ángel R. Cabada,18.597937,-95.444862,93
4394919,30003931210000137000000000U7,931210,Administración pública en general,251 y más personas,96000,30,VERACRUZ DE IGNACIO DE LA LLAVE,3,Acayucan,1,Acayucan,17.949095,-94.913849,93
4276950,30087931210001797000000000U0,931210,Administración pública en general,251 y más personas,91000,30,VERACRUZ DE IGNACIO DE LA LLAVE,87,Xalapa,1,Xalapa-Enríquez,19.527201,-96.923859,93
4449402,30034931210000026001000000U7,931210,Administración pública en general,251 y más personas,92513,30,VERACRUZ DE IGNACIO DE LA LLAVE,34,Cerro Azul,1,Cerro Azul,21.20396,-97.736984,93
4356922,30061931210000221000000000U7,931210,Administración pública en general,251 y más personas,96980,30,VERACRUZ DE IGNACIO DE LA LLAVE,61,Las Choapas,1,Las Choapas,17.908497,-94.089943,93
4377625,30211931210000091001000000U5,931210,Administración pública en general,251 y más personas,93620,30,VERACRUZ DE IGNACIO DE LA LLAVE,211,San Rafael,1,San Rafael,20.192719,-96.868782,93
4466474,30039931310000011000000000U6,931310,Regulación y fomento del desarrollo económico,251 y más personas,96400,30,VERACRUZ DE IGNACIO DE LA LLAVE,39,Coatzacoalcos,1,Coatzacoalcos,18.146873,-94.417503,93
4437823,30141931210000147001000000U4,931210,Administración pública en general,251 y más personas,95700,30,VERACRUZ DE IGNACIO DE LA LLAVE,141,San Andrés Tuxtla,1,San Andrés Tuxtla,18.448502,-95.212479,93
4460311,30083931210000056001000000U1,931210,Administración pública en general,251 y más personas,92680,30,VERACRUZ DE IGNACIO DE LA LLAVE,83,Ixhuatlán de Madero,1,Ixhuatlán de Madero,20.689264,-98.012589,93
4470145,30087931610001207000000000U1,931610,Actividades administrativas de instituciones de bienestar social,251 y más personas,91098,30,VERACRUZ DE IGNACIO DE LA LLAVE,87,Xalapa,87,Lomas Verdes,19.505779,-96.889915,93
4469248,30087931210001717000000000U8,931210,Administración pública en general,251 y más personas,91190,30,VERACRUZ DE IGNACIO DE LA LLAVE,87,Xalapa,1,Xalapa-Enríquez,19.526518,-96.897263,93
4471761,30131621112000043011000000U9,931610,Actividades administrativas de instituciones de bienestar social,251 y más personas,93340,30,VERACRUZ DE IGNACIO DE LA LLAVE,131,Poza Rica de Hidalgo,1,Poza Rica de Hidalgo,20.532339,-97.470383,93
4354828,30189931610000446001000000U0,931610,Actividades administrativas de instituciones de bienestar social,251 y más personas,92800,30,VERACRUZ DE IGNACIO DE LA LLAVE,189,Tuxpan,1,Túxpam de Rodríguez Cano,20.951,-97.400589,93
4268017,30026931510000027010000000U4,931610,Actividades administrativas de instituciones de bienestar social,251 y más personas,91302,30,VERACRUZ DE IGNACIO DE LA LLAVE,26,Banderilla,1,Banderilla,19.587513,-96.933716,93
4367405,30044931610000081001000000U2,931510,Regulación y fomento de actividades para mejorar y preservar el medio ambiente,251 y más personas,94640,30,VERACRUZ DE IGNACIO DE LA LLAVE,44,Córdoba,1,Córdoba,18.886047,-96.930199,93
4434217,30128931210000087000000000U9,931210,Administración pública en general,251 y más personas,91270,30,VERACRUZ DE IGNACIO DE LA LLAVE,128,Perote,1,Perote,19.561245,-97.242851,93
4352557,30189931210000273001000000U7,931210,Administración pública en general,251 y más personas,92800,30,VERACRUZ DE IGNACIO DE LA LLAVE,189,Tuxpan,1,Túxpam de Rodríguez Cano,20.952061,-97.404404,93
4412910,30193931210000422000000000U2,931210,Administración pública en general,251 y más personas,91700,30,VERACRUZ DE IGNACIO DE LA LLAVE,193,Veracruz,1,Veracruz,19.200827,-96.137672,93
4315985,30193931210001057000000000U5,931210,Administración pública en general,251 y más personas,91700,30,VERACRUZ DE IGNACIO DE LA LLAVE,193,Veracruz,1,Veracruz,19.200491,-96.137611,93
4271746,30087931610001366001000000U5,931610,Actividades administrativas de instituciones de bienestar social,251 y más personas,91130,30,VERACRUZ DE IGNACIO DE LA LLAVE,87,Xalapa,1,Xalapa-Enríquez,19.544582,-96.923538,93
4228433,30131931310000065001000000U7,931210,Administración pública en general,251 y más personas,93240,30,VERACRUZ DE IGNACIO DE LA LLAVE,131,Poza Rica de Hidalgo,1,Poza Rica de Hidalgo,20.531261,-97.459839,93
4414915,30115931210000031001000000U4,931210,Administración pública en general,251 y más personas,94720,30,VERACRUZ DE IGNACIO DE LA LLAVE,115,Nogales,1,Nogales,18.822355,-97.162392,93
6466278,30087931210001676001000000U6,931210,Administración pública en general,251 y más personas,91000,30,VERACRUZ DE IGNACIO DE LA LLAVE,87,Xalapa,1,Xalapa-Enríquez,19.527224,-96.922951,93
7036656,30108931810000037000000000U3,931810,Actividades de seguridad nacional,251 y más personas,96880,30,VERACRUZ DE IGNACIO DE LA LLAVE,108,Minatitlán,1,Minatitlán,18.001251,-94.529175,93
7036655,30108931810000027000000000U4,931810,Actividades de seguridad nacional,251 y más personas,96880,30,VERACRUZ DE IGNACIO DE LA LLAVE,108,Minatitlán,1,Minatitlán,17.999243,-94.535049,93
4469453,30087931310000306010000000U9,931210,Administración pública en general,251 y más personas,91193,30,VERACRUZ DE IGNACIO DE LA LLAVE,87,Xalapa,1,Xalapa-Enríquez,19.510191,-96.872742,93
4474316,30032931210000046001000000U9,931210,Administración pública en general,251 y más personas,95870,30,VERACRUZ DE IGNACIO DE LA LLAVE,32,Catemaco,1,Catemaco,18.418791,-95.10984,93
4427180,30143931210000067001000000U0,931210,Administración pública en general,251 y más personas,95830,30,VERACRUZ DE IGNACIO DE LA LLAVE,143,Santiago Tuxtla,1,Santiago Tuxtla,18.465551,-95.301865,93
9080889,30039931210000517000000000U4,931210,Administración pública en general,251 y más personas,96400,30,VERACRUZ DE IGNACIO DE LA LLAVE,39,Coatzacoalcos,1,Coatzacoalcos,18.147264,-94.417068,93
4398618,30109931210000051001000000U5,931210,Administración pública en general,251 y más personas,93820,30,VERACRUZ DE IGNACIO DE LA LLAVE,109,Misantla,1,Misantla,19.928715,-96.852791,93
4360637,30201931210000146001000000U8,931210,Administración pública en general,251 y más personas,95000,30,VERACRUZ DE IGNACIO DE LA LLAVE,201,Zongolica,1,Zongolica,18.66659,-96.998123,93
4463421,30087931510000042000000000U5,931510,Regulación y fomento de actividades para mejorar y preservar el medio ambiente,251 y más personas,91073,30,VERACRUZ DE IGNACIO DE LA LLAVE,87,Xalapa,1,Xalapa-Enríquez,19.521521,-96.943413,93
4305529,30028931410000187000000000U5,931410,Impartición de justicia y mantenimiento de la seguridad y el orden público,251 y más personas,94299,30,VERACRUZ DE IGNACIO DE LA LLAVE,28,Boca del Río,37,Veracruz,19.159927,-96.10688,93
6462204,30087931410001061001000000U7,931410,Impartición de justicia y mantenimiento de la seguridad y el orden público,251 y más personas,91637,30,VERACRUZ DE IGNACIO DE LA LLAVE,87,Xalapa,1,Xalapa-Enríquez,19.508532,-96.873756,93
4485648,30028611312000012011000000U0,931410,Impartición de justicia y mantenimiento de la seguridad y el orden público,251 y más personas,94294,30,VERACRUZ DE IGNACIO DE LA LLAVE,28,Boca del Río,37,Veracruz,19.161621,-96.109596,93
4385356,30133931210000061001000000U4,931210,Administración pública en general,251 y más personas,92030,30,VERACRUZ DE IGNACIO DE LA LLAVE,133,Pueblo Viejo,1,Cd. Cuauhtémoc,22.183582,-97.836571,93
4431670,30071931310000012001000000U7,931210,Administración pública en general,251 y más personas,94100,30,VERACRUZ DE IGNACIO DE LA LLAVE,71,Huatusco,1,Huatusco de Chicuellar,19.150545,-96.960999,93
8343364,30193931810000257000000000U9,931810,Actividades de seguridad nacional,251 y más personas,91709,30,VERACRUZ DE IGNACIO DE LA LLAVE,193,Veracruz,1,Veracruz,19.201406,-96.137505,93
6465815,30087931610001095001000000U0,931610,Actividades administrativas de instituciones de bienestar social,251 y más personas,91194,30,VERACRUZ DE IGNACIO DE LA LLAVE,87,Xalapa,1,Xalapa-Enríquez,19.508211,-96.866951,93
4469497,30087931310000356001000000U4,931310,Regulación y fomento del desarrollo económico,251 y más personas,91196,30,VERACRUZ DE IGNACIO DE LA LLAVE,87,Xalapa,1,Xalapa-Enríquez,19.511137,-96.872978,93
4469336,30087931210001727000000000U7,931610,Actividades administrativas de instituciones de bienestar social,251 y más personas,91190,30,VERACRUZ DE IGNACIO DE LA LLAVE,87,Xalapa,1,Xalapa-Enríquez,19.522194,-96.892746,93
4469337,30087931310000397000000000U8,931310,Regulación y fomento del desarrollo económico,251 y más personas,91190,30,VERACRUZ DE IGNACIO DE LA LLAVE,87,Xalapa,1,Xalapa-Enríquez,19.522491,-96.894112,93
4469465,30087931310000417000000000U4,931610,Actividades administrativas de instituciones de bienestar social,251 y más personas,91190,30,VERACRUZ DE IGNACIO DE LA LLAVE,87,Xalapa,1,Xalapa-Enríquez,19.517862,-96.880173,93
4455625,30087931310000407000000000U5,931210,Administración pública en general,251 y más personas,91010,30,VERACRUZ DE IGNACIO DE LA LLAVE,87,Xalapa,1,Xalapa-Enríquez,19.562599,-96.929741,93
4480194,30087931210001566001000000U9,931210,Administración pública en general,251 y más personas,91000,30,VERACRUZ DE IGNACIO DE LA LLAVE,87,Xalapa,1,Xalapa-Enríquez,19.527237,-96.922867,93
4469208,30087931210001707000000000U9,931210,Administración pública en general,251 y más personas,91180,30,VERACRUZ DE IGNACIO DE LA LLAVE,87,Xalapa,1,Xalapa-Enríquez,19.529747,-96.898155,93
4258522,30102931810000027000000000U7,931810,Actividades de seguridad nacional,251 y más personas,93600,30,VERACRUZ DE IGNACIO DE LA LLAVE,102,Martínez de la Torre,1,Martínez de la Torre,20.065302,-97.056229,93
6465558,30087931410000526011000000U0,931310,Regulación y fomento del desarrollo económico,251 y más personas,91020,30,VERACRUZ DE IGNACIO DE LA LLAVE,87,Xalapa,1,Xalapa-Enríquez,19.536407,-96.930931,93
4247479,30189931810000057000000000U1,931810,Actividades de seguridad nacional,251 y más personas,92880,30,VERACRUZ DE IGNACIO DE LA LLAVE,189,Tuxpan,1,Túxpam de Rodríguez Cano,20.945339,-97.361816,93
4402203,30118931410000214001000000U6,931610,Actividades administrativas de instituciones de bienestar social,251 y más personas,94370,30,VERACRUZ DE IGNACIO DE LA LLAVE,118,Orizaba,1,Orizaba,18.839575,-97.115524,93
4307349,30028931210000516001000000U9,931210,Administración pública en general,251 y más personas,94299,30,VERACRUZ DE IGNACIO DE LA LLAVE,28,Boca del Río,37,Veracruz,19.147215,-96.105469,93
4275438,30087931610001506001000000U6,931610,Actividades administrativas de instituciones de bienestar social,251 y más personas,91020,30,VERACRUZ DE IGNACIO DE LA LLAVE,87,Xalapa,1,Xalapa-Enríquez,19.536339,-96.931015,93
4312571,30193931510000097000000000U5,931510,Regulación y fomento de actividades para mejorar y preservar el medio ambiente,251 y más personas,91700,30,VERACRUZ DE IGNACIO DE LA LLAVE,193,Veracruz,1,Veracruz,19.200375,-96.144539,93
4464933,30087931610001396001000000U2,931610,Actividades administrativas de instituciones de bienestar social,251 y más personas,91070,30,VERACRUZ DE IGNACIO DE LA LLAVE,87,Xalapa,1,Xalapa-Enríquez,19.510195,-96.929489,93
8885191,30087931610002707000000000U9,931610,Actividades administrativas de instituciones de bienestar social,251 y más personas,91000,30,VERACRUZ DE IGNACIO DE LA LLAVE,87,Xalapa,1,Xalapa-Enríquez,19.528006,-96.920746,93
4480659,30087931410000837000000000U1,931410,Impartición de justicia y mantenimiento de la seguridad y el orden público,251 y más personas,91000,30,VERACRUZ DE IGNACIO DE LA LLAVE,87,Xalapa,1,Xalapa-Enríquez,19.526541,-96.921577,93
4468913,30087931410000567000000000U4,931410,Impartición de justicia y mantenimiento de la seguridad y el orden público,251 y más personas,91170,30,VERACRUZ DE IGNACIO DE LA LLAVE,87,Xalapa,1,Xalapa-Enríquez,19.538416,-96.908005,93
4483888,30193931410000507000000000U6,931410,Impartición de justicia y mantenimiento de la seguridad y el orden público,251 y más personas,91839,30,VERACRUZ DE IGNACIO DE LA LLAVE,193,Veracruz,1,Veracruz,19.214314,-96.169586,93
